source.message,dataset,timestamp,$workers.truncated,$workers.event.request.url,$workers.event.request.method,$workers.event.request.path,$workers.outcome,$workers.scriptName,$workers.eventType,$workers.executionModel,$workers.scriptVersion.id,$workers.requestId,$metadata.id,$metadata.requestId,$metadata.trigger,$metadata.service,$metadata.message,$metadata.account,$metadata.type,$metadata.fingerprint,$metadata.origin,$metadata.messageTemplate,$metadata.startTime,$metadata.endTime,$metadata.now
"[route-metrics] {""windowMs"":61940,""requestCount"":2,""routes"":[{""method"":""GET"",""route"":""/api/visits"",""count"":1,""avgMs"":296,""maxMs"":296,""statusCounts"":{""200"":1}},{""method"":""GET"",""route"":""/api/messages"",""count"":1,""avgMs"":298,""maxMs"":298,""statusCounts"":{""200"":1}}]}",cloudflare-workers,2026-04-03T02:04:51.471Z,false,https://mansion-deseo-api-production.green-silence-8594.workers.dev/api/messages,GET,/api/messages,ok,mansion-deseo-api-production,fetch,stateless,85ef149b-3cc8-40c2-bcef-c52918c758d5,9e648143cbf150bd,01KN8HC1WFTCTF05RT58Q4X5HG,9e648143cbf150bd,GET /api/messages,mansion-deseo-api-production,"[route-metrics] {""windowMs"":61940,""requestCount"":2,""routes"":[{""method"":""GET"",""route"":""/api/visits"",""count"":1,""avgMs"":296,""maxMs"":296,""statusCounts"":{""200"":1}},{""method"":""GET"",""route"":""/api/messages"",""count"":1,""avgMs"":298,""maxMs"":298,""statusCounts"":{""200"":1}}]}",f251d9341172cd4fa210cc7a0308adc6,cf-worker,b736bad4064d7d407ec5325526018f20,fetch,"[route-metrics] {""windowMs"":61940,""requestCount"":2,""routes"":[{""method"":""GET"",""route"":""/api/visits"",""count"":1,""avgMs"":296,""maxMs"":296,""statusCounts"":{""200"":1}},{""method"":""GET"",""route"":""/api/messages"",""count"":1,""avgMs"":298,""maxMs"":298,""statusCounts"":{""200"":1}}]}",undefined,undefined,undefined
GET https://mansion-deseo-api-production.green-silence-8594.workers.dev/api/messages,cloudflare-workers,2026-04-03T02:04:51.173Z,false,https://mansion-deseo-api-production.green-silence-8594.workers.dev/api/messages,GET,/api/messages,ok,mansion-deseo-api-production,fetch,stateless,85ef149b-3cc8-40c2-bcef-c52918c758d5,9e648143cbf150bd,01KN8HC1K5FZJ5SFJ32HVH2V0J,9e648143cbf150bd,GET /api/messages,mansion-deseo-api-production,GET https://mansion-deseo-api-production.green-silence-8594.workers.dev/api/messages,f251d9341172cd4fa210cc7a0308adc6,cf-worker-event,b736bad4064d7d407ec5325526018f20,fetch,GET https://mansion-deseo-api-production.green-silence-8594.workers.dev/api/messages,undefined,undefined,undefined
GET https://mansion-deseo-api-production.green-silence-8594.workers.dev/api/visits,cloudflare-workers,2026-04-03T02:03:56.783Z,false,https://mansion-deseo-api-production.green-silence-8594.workers.dev/api/visits,GET,/api/visits,ok,mansion-deseo-api-production,fetch,stateless,85ef149b-3cc8-40c2-bcef-c52918c758d5,9e647fefdd6550bd,01KN8HACFFQQ54DNB9Y8EBMBGN,9e647fefdd6550bd,GET /api/visits,mansion-deseo-api-production,GET https://mansion-deseo-api-production.green-silence-8594.workers.dev/api/visits,f251d9341172cd4fa210cc7a0308adc6,cf-worker-event,b736bad4064d7d407ec5325526018f20,fetch,GET https://mansion-deseo-api-production.green-silence-8594.workers.dev/api/visits,undefined,undefined,undefined
"[route-metrics] {""windowMs"":220537,""requestCount"":1,""routes"":[{""method"":""GET"",""route"":""/api/messages"",""count"":1,""avgMs"":744,""maxMs"":744,""statusCounts"":{""200"":1}}]}",cloudflare-workers,2026-04-03T02:03:49.531Z,false,https://mansion-deseo-api-production.green-silence-8594.workers.dev/api/messages,GET,/api/messages,ok,mansion-deseo-api-production,fetch,stateless,85ef149b-3cc8-40c2-bcef-c52918c758d5,9e647fbdda7d50bd,01KN8HA5CVRBVJ15C7ANBVMXYQ,9e647fbdda7d50bd,GET /api/messages,mansion-deseo-api-production,"[route-metrics] {""windowMs"":220537,""requestCount"":1,""routes"":[{""method"":""GET"",""route"":""/api/messages"",""count"":1,""avgMs"":744,""maxMs"":744,""statusCounts"":{""200"":1}}]}",f251d9341172cd4fa210cc7a0308adc6,cf-worker,b736bad4064d7d407ec5325526018f20,fetch,"[route-metrics] {""windowMs"":220537,""requestCount"":1,""routes"":[{""method"":""GET"",""route"":""/api/messages"",""count"":1,""avgMs"":744,""maxMs"":744,""statusCounts"":{""200"":1}}]}",undefined,undefined,undefined
GET https://mansion-deseo-api-production.green-silence-8594.workers.dev/api/messages,cloudflare-workers,2026-04-03T02:03:48.787Z,false,https://mansion-deseo-api-production.green-silence-8594.workers.dev/api/messages,GET,/api/messages,ok,mansion-deseo-api-production,fetch,stateless,85ef149b-3cc8-40c2-bcef-c52918c758d5,9e647fbdda7d50bd,01KN8HA55SWQ1A8RF1BG3QTQCJ,9e647fbdda7d50bd,GET /api/messages,mansion-deseo-api-production,GET https://mansion-deseo-api-production.green-silence-8594.workers.dev/api/messages,f251d9341172cd4fa210cc7a0308adc6,cf-worker-event,b736bad4064d7d407ec5325526018f20,fetch,GET https://mansion-deseo-api-production.green-silence-8594.workers.dev/api/messages,undefined,undefined,undefined
websocket:close,cloudflare-workers,2026-04-03T02:03:41.281Z,false,,,,ok,mansion-deseo-api-production,websocket,durableObject,85ef149b-3cc8-40c2-bcef-c52918c758d5,WYA8ZO4WFR5Y0JKR,01KN8H9XB16H5TMNNAPTC978F0,WYA8ZO4WFR5Y0JKR,mansion-deseo-api-production,mansion-deseo-api-production,websocket:close,f251d9341172cd4fa210cc7a0308adc6,cf-worker-event,b736bad4064d7d407ec5325526018f20,websocket,websocket:close,undefined,undefined,undefined
websocket:message,cloudflare-workers,2026-04-03T02:02:56.283Z,false,,,,ok,mansion-deseo-api-production,websocket,durableObject,85ef149b-3cc8-40c2-bcef-c52918c758d5,7FETM5VWOFUBVV1G,01KN8H9PSTN3A97EPXMTP14TJ8,7FETM5VWOFUBVV1G,mansion-deseo-api-production,mansion-deseo-api-production,websocket:message,f251d9341172cd4fa210cc7a0308adc6,cf-worker-event,b736bad4064d7d407ec5325526018f20,websocket,websocket:message,undefined,undefined,undefined
websocket:close,cloudflare-workers,2026-04-03T02:02:25.451Z,false,,,,ok,mansion-deseo-api-production,websocket,durableObject,85ef149b-3cc8-40c2-bcef-c52918c758d5,PYZVOH9IP9UYC52I,01KN8HDCGTAQ31RT8Q325Q7AZY,PYZVOH9IP9UYC52I,mansion-deseo-api-production,mansion-deseo-api-production,websocket:close,f251d9341172cd4fa210cc7a0308adc6,cf-worker-event,b736bad4064d7d407ec5325526018f20,websocket,websocket:close,undefined,undefined,undefined
websocket:message,cloudflare-workers,2026-04-03T02:02:11.280Z,false,,,,ok,mansion-deseo-api-production,websocket,durableObject,85ef149b-3cc8-40c2-bcef-c52918c758d5,KWL0UP63YRS3UODJ,01KN8H8BNN0D1KE1V15AJ6CPS1,KWL0UP63YRS3UODJ,mansion-deseo-api-production,mansion-deseo-api-production,websocket:message,f251d9341172cd4fa210cc7a0308adc6,cf-worker-event,b736bad4064d7d407ec5325526018f20,websocket,websocket:message,undefined,undefined,undefined
websocket:message,cloudflare-workers,2026-04-03T02:01:26.276Z,false,,,,ok,mansion-deseo-api-production,websocket,durableObject,85ef149b-3cc8-40c2-bcef-c52918c758d5,121980VVTEKGFAM6,01KN8H6RRX7ZGTPZR3R7TH942B,121980VVTEKGFAM6,mansion-deseo-api-production,mansion-deseo-api-production,websocket:message,f251d9341172cd4fa210cc7a0308adc6,cf-worker-event,b736bad4064d7d407ec5325526018f20,websocket,websocket:message,undefined,undefined,undefined
websocket:message,cloudflare-workers,2026-04-03T02:00:41.292Z,false,,,,ok,mansion-deseo-api-production,websocket,durableObject,85ef149b-3cc8-40c2-bcef-c52918c758d5,S65Q1Q0AHRAEKRUR,01KN8H5S3J2T5458D34HR4CBBD,S65Q1Q0AHRAEKRUR,mansion-deseo-api-production,mansion-deseo-api-production,websocket:message,f251d9341172cd4fa210cc7a0308adc6,cf-worker-event,b736bad4064d7d407ec5325526018f20,websocket,websocket:message,undefined,undefined,undefined
"[route-metrics] {""windowMs"":148048,""requestCount"":3,""routes"":[{""method"":""GET"",""route"":""/api/chat/ws/:chatId"",""count"":1,""avgMs"":426,""maxMs"":426,""statusCounts"":{""101"":1}},{""method"":""GET"",""route"":""/api/visits"",""count"":1,""avgMs"":296,""maxMs"":296,""statusCounts"":{""200"":1}},{""method"":""GET"",""route"":""/api/unread-count"",""count"":1,""avgMs"":727,""maxMs"":727,""statusCounts"":{""200"":1}}]}",cloudflare-workers,2026-04-03T02:00:08.994Z,false,https://mansion-deseo-api-production.green-silence-8594.workers.dev/api/unread-count,GET,/api/unread-count,ok,mansion-deseo-api-production,fetch,stateless,85ef149b-3cc8-40c2-bcef-c52918c758d5,9e647a5baa7535c2,01KN8H3E12M18BBEGVV3A572ND,9e647a5baa7535c2,GET /api/unread-count,mansion-deseo-api-production,"[route-metrics] {""windowMs"":148048,""requestCount"":3,""routes"":[{""method"":""GET"",""route"":""/api/chat/ws/:chatId"",""count"":1,""avgMs"":426,""maxMs"":426,""statusCounts"":{""101"":1}},{""method"":""GET"",""route"":""/api/visits"",""count"":1,""avgMs"":296,""maxMs"":296,""statusCounts"":{""200"":1}},{""method"":""GET"",""route"":""/api/unread-count"",""count"":1,""avgMs"":727,""maxMs"":727,""statusCounts"":{""200"":1}}]}",f251d9341172cd4fa210cc7a0308adc6,cf-worker,b736bad4064d7d407ec5325526018f20,fetch,"[route-metrics] {""windowMs"":148048,""requestCount"":3,""routes"":[{""method"":""GET"",""route"":""/api/chat/ws/:chatId"",""count"":1,""avgMs"":426,""maxMs"":426,""statusCounts"":{""101"":1}},{""method"":""GET"",""route"":""/api/visits"",""count"":1,""avgMs"":296,""maxMs"":296,""statusCounts"":{""200"":1}},{""method"":""GET"",""route"":""/api/unread-count"",""count"":1,""avgMs"":727,""maxMs"":727,""statusCounts"":{""200"":1}}]}",undefined,undefined,undefined
GET https://mansion-deseo-api-production.green-silence-8594.workers.dev/api/unread-count,cloudflare-workers,2026-04-03T02:00:08.267Z,false,https://mansion-deseo-api-production.green-silence-8594.workers.dev/api/unread-count,GET,/api/unread-count,ok,mansion-deseo-api-production,fetch,stateless,85ef149b-3cc8-40c2-bcef-c52918c758d5,9e647a5baa7535c2,01KN8H3DABC13J82K2C9DVAZXR,9e647a5baa7535c2,GET /api/unread-count,mansion-deseo-api-production,GET https://mansion-deseo-api-production.green-silence-8594.workers.dev/api/unread-count,f251d9341172cd4fa210cc7a0308adc6,cf-worker-event,b736bad4064d7d407ec5325526018f20,fetch,GET https://mansion-deseo-api-production.green-silence-8594.workers.dev/api/unread-count,undefined,undefined,undefined
websocket:message,cloudflare-workers,2026-04-03T01:59:56.288Z,false,,,,ok,mansion-deseo-api-production,websocket,durableObject,85ef149b-3cc8-40c2-bcef-c52918c758d5,5QW1KX88MSN1N93S,01KN8H3S07C35WXR9Y4VN661CH,5QW1KX88MSN1N93S,mansion-deseo-api-production,mansion-deseo-api-production,websocket:message,f251d9341172cd4fa210cc7a0308adc6,cf-worker-event,b736bad4064d7d407ec5325526018f20,websocket,websocket:message,undefined,undefined,undefined
websocket:message,cloudflare-workers,2026-04-03T01:59:11.276Z,false,,,,ok,mansion-deseo-api-production,websocket,durableObject,85ef149b-3cc8-40c2-bcef-c52918c758d5,OCWBVMBNIDU6RINX,01KN8H24VPN1M7S354ZS7VAWA0,OCWBVMBNIDU6RINX,mansion-deseo-api-production,mansion-deseo-api-production,websocket:message,f251d9341172cd4fa210cc7a0308adc6,cf-worker-event,b736bad4064d7d407ec5325526018f20,websocket,websocket:message,undefined,undefined,undefined
websocket:message,cloudflare-workers,2026-04-03T01:58:26.279Z,false,,,,ok,mansion-deseo-api-production,websocket,durableObject,85ef149b-3cc8-40c2-bcef-c52918c758d5,K6UL37J5NT3N2VU8,01KN8H1AEFW6TDD3JC9TX8C1Q1,K6UL37J5NT3N2VU8,mansion-deseo-api-production,mansion-deseo-api-production,websocket:message,f251d9341172cd4fa210cc7a0308adc6,cf-worker-event,b736bad4064d7d407ec5325526018f20,websocket,websocket:message,undefined,undefined,undefined
GET https://mansion-deseo-api-production.green-silence-8594.workers.dev/api/visits,cloudflare-workers,2026-04-03T01:57:48.617Z,false,https://mansion-deseo-api-production.green-silence-8594.workers.dev/api/visits,GET,/api/visits,ok,mansion-deseo-api-production,fetch,stateless,85ef149b-3cc8-40c2-bcef-c52918c758d5,9e6476f2dff635c2,01KN8GZ4Y926668M4B84FQPSBE,9e6476f2dff635c2,GET /api/visits,mansion-deseo-api-production,GET https://mansion-deseo-api-production.green-silence-8594.workers.dev/api/visits,f251d9341172cd4fa210cc7a0308adc6,cf-worker-event,b736bad4064d7d407ec5325526018f20,fetch,GET https://mansion-deseo-api-production.green-silence-8594.workers.dev/api/visits,undefined,undefined,undefined
websocket:message,cloudflare-workers,2026-04-03T01:57:41.067Z,false,,,,ok,mansion-deseo-api-production,websocket,durableObject,85ef149b-3cc8-40c2-bcef-c52918c758d5,134MXYY8CZRHCQKN,01KN8GZFYP4FWCTTPMRFBFGAHV,134MXYY8CZRHCQKN,mansion-deseo-api-production,mansion-deseo-api-production,websocket:message,f251d9341172cd4fa210cc7a0308adc6,cf-worker-event,b736bad4064d7d407ec5325526018f20,websocket,websocket:message,undefined,undefined,undefined
"[route-metrics] {""windowMs"":60915,""requestCount"":5,""routes"":[{""method"":""GET"",""route"":""/api/profiles"",""count"":1,""avgMs"":476,""maxMs"":476,""statusCounts"":{""200"":1}},{""method"":""GET"",""route"":""/api/stories"",""count"":1,""avgMs"":310,""maxMs"":310,""statusCounts"":{""200"":1}},{""method"":""GET"",""route"":""/api/profiles/:id"",""count"":1,""avgMs"":617,""maxMs"":617,""statusCounts"":{""200"":1}},{""method"":""GET"",""route"":""/api/messages"",""count"":1,""avgMs"":295,""maxMs"":295,""statusCounts"":{""200"":1}},{""method"":""GET"",""route"":""/api/messages/limit"",""count"":1,""avgMs"":303,""maxMs"":303,""statusCounts"":{""200"":1}}]}",cloudflare-workers,2026-04-03T01:57:40.946Z,false,https://mansion-deseo-api-production.green-silence-8594.workers.dev/api/messages/limit,GET,/api/messages/limit,ok,mansion-deseo-api-production,fetch,stateless,85ef149b-3cc8-40c2-bcef-c52918c758d5,9e6476c0fa8135c2,01KN8GYXEJNKN972BRKTF0BB7D,9e6476c0fa8135c2,GET /api/messages/limit,mansion-deseo-api-production,"[route-metrics] {""windowMs"":60915,""requestCount"":5,""routes"":[{""method"":""GET"",""route"":""/api/profiles"",""count"":1,""avgMs"":476,""maxMs"":476,""statusCounts"":{""200"":1}},{""method"":""GET"",""route"":""/api/stories"",""count"":1,""avgMs"":310,""maxMs"":310,""statusCounts"":{""200"":1}},{""method"":""GET"",""route"":""/api/profiles/:id"",""count"":1,""avgMs"":617,""maxMs"":617,""statusCounts"":{""200"":1}},{""method"":""GET"",""route"":""/api/messages"",""count"":1,""avgMs"":295,""maxMs"":295,""statusCounts"":{""200"":1}},{""method"":""GET"",""route"":""/api/messages/limit"",""count"":1,""avgMs"":303,""maxMs"":303,""statusCounts"":{""200"":1}}]}",f251d9341172cd4fa210cc7a0308adc6,cf-worker,b736bad4064d7d407ec5325526018f20,fetch,"[route-metrics] {""windowMs"":60915,""requestCount"":5,""routes"":[{""method"":""GET"",""route"":""/api/profiles"",""count"":1,""avgMs"":476,""maxMs"":476,""statusCounts"":{""200"":1}},{""method"":""GET"",""route"":""/api/stories"",""count"":1,""avgMs"":310,""maxMs"":310,""statusCounts"":{""200"":1}},{""method"":""GET"",""route"":""/api/profiles/:id"",""count"":1,""avgMs"":617,""maxMs"":617,""statusCounts"":{""200"":1}},{""method"":""GET"",""route"":""/api/messages"",""count"":1,""avgMs"":295,""maxMs"":295,""statusCounts"":{""200"":1}},{""method"":""GET"",""route"":""/api/messages/limit"",""count"":1,""avgMs"":303,""maxMs"":303,""statusCounts"":{""200"":1}}]}",undefined,undefined,undefined
GET https://mansion-deseo-api-production.green-silence-8594.workers.dev/api/chat/ws/REDACTED?token=REDACTED.REDACTED.REDACTED&userId=REDACTED,cloudflare-workers,2026-04-03T01:57:40.791Z,false,https://mansion-deseo-api-production.green-silence-8594.workers.dev/api/chat/ws/REDACTED?token=REDACTED.REDACTED.REDACTED&userId=REDACTED,GET,/api/chat/ws/REDACTED,ok,mansion-deseo-api-production,fetch,durableObject,85ef149b-3cc8-40c2-bcef-c52918c758d5,9e6476c12d058bea,01KN8H9PSTN3A97EPXMTP14TJ9,9e6476c12d058bea,GET /api/chat/ws/REDACTED,mansion-deseo-api-production,GET https://mansion-deseo-api-production.green-silence-8594.workers.dev/api/chat/ws/REDACTED?token=REDACTED.REDACTED.REDACTED&userId=REDACTED,f251d9341172cd4fa210cc7a0308adc6,cf-worker-event,b736bad4064d7d407ec5325526018f20,fetch,GET https://mansion-deseo-api-production.green-silence-8594.workers.dev/api/chat/ws/REDACTED?token=REDACTED.REDACTED.REDACTED&userId=REDACTED,undefined,undefined,undefined
GET https://mansion-deseo-api-production.green-silence-8594.workers.dev/api/chat/ws/REDACTED?token=REDACTED.REDACTED.REDACTED&userId=REDACTED,cloudflare-workers,2026-04-03T01:57:40.716Z,false,https://mansion-deseo-api-production.green-silence-8594.workers.dev/api/chat/ws/REDACTED?token=REDACTED.REDACTED.REDACTED&userId=REDACTED,GET,/api/chat/ws/REDACTED,canceled,mansion-deseo-api-production,fetch,stateless,85ef149b-3cc8-40c2-bcef-c52918c758d5,9e6476c12d058bea,01KN8HA3H8QBXKPVT7KAEAY2TA,9e6476c12d058bea,GET /api/chat/ws/REDACTED,mansion-deseo-api-production,GET https://mansion-deseo-api-production.green-silence-8594.workers.dev/api/chat/ws/REDACTED?token=REDACTED.REDACTED.REDACTED&userId=REDACTED,f251d9341172cd4fa210cc7a0308adc6,cf-worker-event,b736bad4064d7d407ec5325526018f20,fetch,GET https://mansion-deseo-api-production.green-silence-8594.workers.dev/api/chat/ws/REDACTED?token=REDACTED.REDACTED.REDACTED&userId=REDACTED,undefined,undefined,undefined
GET https://mansion-deseo-api-production.green-silence-8594.workers.dev/api/messages/limit,cloudflare-workers,2026-04-03T01:57:40.643Z,false,https://mansion-deseo-api-production.green-silence-8594.workers.dev/api/messages/limit,GET,/api/messages/limit,ok,mansion-deseo-api-production,fetch,stateless,85ef149b-3cc8-40c2-bcef-c52918c758d5,9e6476c0fa8135c2,01KN8GYX53HQQ1WC4WNKHYKB64,9e6476c0fa8135c2,GET /api/messages/limit,mansion-deseo-api-production,GET https://mansion-deseo-api-production.green-silence-8594.workers.dev/api/messages/limit,f251d9341172cd4fa210cc7a0308adc6,cf-worker-event,b736bad4064d7d407ec5325526018f20,fetch,GET https://mansion-deseo-api-production.green-silence-8594.workers.dev/api/messages/limit,undefined,undefined,undefined
GET https://mansion-deseo-api-production.green-silence-8594.workers.dev/api/messages,cloudflare-workers,2026-04-03T01:57:37.833Z,false,https://mansion-deseo-api-production.green-silence-8594.workers.dev/api/messages,GET,/api/messages,ok,mansion-deseo-api-production,fetch,stateless,85ef149b-3cc8-40c2-bcef-c52918c758d5,9e6476af698c35c2,01KN8GYTD9GTNJEADKDBZAYPZM,9e6476af698c35c2,GET /api/messages,mansion-deseo-api-production,GET https://mansion-deseo-api-production.green-silence-8594.workers.dev/api/messages,f251d9341172cd4fa210cc7a0308adc6,cf-worker-event,b736bad4064d7d407ec5325526018f20,fetch,GET https://mansion-deseo-api-production.green-silence-8594.workers.dev/api/messages,undefined,undefined,undefined
GET https://mansion-deseo-api-production.green-silence-8594.workers.dev/api/profiles/REDACTED,cloudflare-workers,2026-04-03T01:57:31.101Z,false,https://mansion-deseo-api-production.green-silence-8594.workers.dev/api/profiles/REDACTED,GET,/api/profiles/REDACTED,ok,mansion-deseo-api-production,fetch,stateless,85ef149b-3cc8-40c2-bcef-c52918c758d5,9e6476855a0e35c2,01KN8GYKTXE0NK0WG9RB3A60CS,9e6476855a0e35c2,GET /api/profiles/REDACTED,mansion-deseo-api-production,GET https://mansion-deseo-api-production.green-silence-8594.workers.dev/api/profiles/REDACTED,f251d9341172cd4fa210cc7a0308adc6,cf-worker-event,b736bad4064d7d407ec5325526018f20,fetch,GET https://mansion-deseo-api-production.green-silence-8594.workers.dev/api/profiles/REDACTED,undefined,undefined,undefined
GET https://mansion-deseo-api-production.green-silence-8594.workers.dev/api/stories?page=1&limit=100,cloudflare-workers,2026-04-03T01:57:02.975Z,false,https://mansion-deseo-api-production.green-silence-8594.workers.dev/api/stories?page=1&limit=100,GET,/api/stories,ok,mansion-deseo-api-production,fetch,stateless,85ef149b-3cc8-40c2-bcef-c52918c758d5,9e6475d59f3735c2,01KN8GXRBZJ3C09B014SZJXV74,9e6475d59f3735c2,GET /api/stories,mansion-deseo-api-production,GET https://mansion-deseo-api-production.green-silence-8594.workers.dev/api/stories?page=1&limit=100,f251d9341172cd4fa210cc7a0308adc6,cf-worker-event,b736bad4064d7d407ec5325526018f20,fetch,GET https://mansion-deseo-api-production.green-silence-8594.workers.dev/api/stories?page=1&limit=100,undefined,undefined,undefined
GET https://mansion-deseo-api-production.green-silence-8594.workers.dev/api/profiles,cloudflare-workers,2026-04-03T01:57:01.221Z,false,https://mansion-deseo-api-production.green-silence-8594.workers.dev/api/profiles,GET,/api/profiles,ok,mansion-deseo-api-production,fetch,stateless,85ef149b-3cc8-40c2-bcef-c52918c758d5,9e6475ca990935c2,01KN8GXPN533W8A8TTE18FACBY,9e6475ca990935c2,GET /api/profiles,mansion-deseo-api-production,GET https://mansion-deseo-api-production.green-silence-8594.workers.dev/api/profiles,f251d9341172cd4fa210cc7a0308adc6,cf-worker-event,b736bad4064d7d407ec5325526018f20,fetch,GET https://mansion-deseo-api-production.green-silence-8594.workers.dev/api/profiles,undefined,undefined,undefined
"[route-metrics] {""windowMs"":87229,""requestCount"":2,""routes"":[{""method"":""GET"",""route"":""/api/messages"",""count"":2,""avgMs"":305,""maxMs"":309,""statusCounts"":{""200"":2}}]}",cloudflare-workers,2026-04-03T01:56:40.031Z,false,https://mansion-deseo-api-production.green-silence-8594.workers.dev/api/messages,GET,/api/messages,ok,mansion-deseo-api-production,fetch,stateless,85ef149b-3cc8-40c2-bcef-c52918c758d5,9e6475443f3a35c2,01KN8GX1YZFYPZDZ4PQJAR5WQX,9e6475443f3a35c2,GET /api/messages,mansion-deseo-api-production,"[route-metrics] {""windowMs"":87229,""requestCount"":2,""routes"":[{""method"":""GET"",""route"":""/api/messages"",""count"":2,""avgMs"":305,""maxMs"":309,""statusCounts"":{""200"":2}}]}",f251d9341172cd4fa210cc7a0308adc6,cf-worker,b736bad4064d7d407ec5325526018f20,fetch,"[route-metrics] {""windowMs"":87229,""requestCount"":2,""routes"":[{""method"":""GET"",""route"":""/api/messages"",""count"":2,""avgMs"":305,""maxMs"":309,""statusCounts"":{""200"":2}}]}",undefined,undefined,undefined
GET https://mansion-deseo-api-production.green-silence-8594.workers.dev/api/messages,cloudflare-workers,2026-04-03T01:56:39.722Z,false,https://mansion-deseo-api-production.green-silence-8594.workers.dev/api/messages,GET,/api/messages,ok,mansion-deseo-api-production,fetch,stateless,85ef149b-3cc8-40c2-bcef-c52918c758d5,9e6475443f3a35c2,01KN8GX1NASH4BY1B6ACZBSKNA,9e6475443f3a35c2,GET /api/messages,mansion-deseo-api-production,GET https://mansion-deseo-api-production.green-silence-8594.workers.dev/api/messages,f251d9341172cd4fa210cc7a0308adc6,cf-worker-event,b736bad4064d7d407ec5325526018f20,fetch,GET https://mansion-deseo-api-production.green-silence-8594.workers.dev/api/messages,undefined,undefined,undefined
GET https://mansion-deseo-api-production.green-silence-8594.workers.dev/api/messages,cloudflare-workers,2026-04-03T01:55:36.793Z,false,https://mansion-deseo-api-production.green-silence-8594.workers.dev/api/messages,GET,/api/messages,ok,mansion-deseo-api-production,fetch,stateless,85ef149b-3cc8-40c2-bcef-c52918c758d5,9e6473badd6435c2,01KN8GV46S4TAF0CS0XHGKC9A2,9e6473badd6435c2,GET /api/messages,mansion-deseo-api-production,GET https://mansion-deseo-api-production.green-silence-8594.workers.dev/api/messages,f251d9341172cd4fa210cc7a0308adc6,cf-worker-event,b736bad4064d7d407ec5325526018f20,fetch,GET https://mansion-deseo-api-production.green-silence-8594.workers.dev/api/messages,undefined,undefined,undefined
"[route-metrics] {""windowMs"":60469,""requestCount"":2,""routes"":[{""method"":""GET"",""route"":""/api/messages"",""count"":2,""avgMs"":305,""maxMs"":311,""statusCounts"":{""200"":2}}]}",cloudflare-workers,2026-04-03T01:55:12.802Z,false,https://mansion-deseo-api-production.green-silence-8594.workers.dev/api/messages,GET,/api/messages,ok,mansion-deseo-api-production,fetch,stateless,85ef149b-3cc8-40c2-bcef-c52918c758d5,9e6473230ad335c2,01KN8GTCS2SR5JCJYDT4BVFQZK,9e6473230ad335c2,GET /api/messages,mansion-deseo-api-production,"[route-metrics] {""windowMs"":60469,""requestCount"":2,""routes"":[{""method"":""GET"",""route"":""/api/messages"",""count"":2,""avgMs"":305,""maxMs"":311,""statusCounts"":{""200"":2}}]}",f251d9341172cd4fa210cc7a0308adc6,cf-worker,b736bad4064d7d407ec5325526018f20,fetch,"[route-metrics] {""windowMs"":60469,""requestCount"":2,""routes"":[{""method"":""GET"",""route"":""/api/messages"",""count"":2,""avgMs"":305,""maxMs"":311,""statusCounts"":{""200"":2}}]}",undefined,undefined,undefined
GET https://mansion-deseo-api-production.green-silence-8594.workers.dev/api/messages,cloudflare-workers,2026-04-03T01:55:12.504Z,false,https://mansion-deseo-api-production.green-silence-8594.workers.dev/api/messages,GET,/api/messages,ok,mansion-deseo-api-production,fetch,stateless,85ef149b-3cc8-40c2-bcef-c52918c758d5,9e6473230ad335c2,01KN8GTCFRK430NV240W7D424M,9e6473230ad335c2,GET /api/messages,mansion-deseo-api-production,GET https://mansion-deseo-api-production.green-silence-8594.workers.dev/api/messages,f251d9341172cd4fa210cc7a0308adc6,cf-worker-event,b736bad4064d7d407ec5325526018f20,fetch,GET https://mansion-deseo-api-production.green-silence-8594.workers.dev/api/messages,undefined,undefined,undefined
"[route-metrics] {""windowMs"":91964,""requestCount"":2,""routes"":[{""method"":""GET"",""route"":""/api/messages"",""count"":1,""avgMs"":297,""maxMs"":297,""statusCounts"":{""200"":1}},{""method"":""GET"",""route"":""/api/unread-count"",""count"":1,""avgMs"":309,""maxMs"":309,""statusCounts"":{""200"":1}}]}",cloudflare-workers,2026-04-03T01:54:12.333Z,false,https://mansion-deseo-api-production.green-silence-8594.workers.dev/api/unread-count,GET,/api/unread-count,ok,mansion-deseo-api-production,fetch,stateless,85ef149b-3cc8-40c2-bcef-c52918c758d5,9e6471a91cb035c2,01KN8GRHQD4MRYFRV9FQQB1TYJ,9e6471a91cb035c2,GET /api/unread-count,mansion-deseo-api-production,"[route-metrics] {""windowMs"":91964,""requestCount"":2,""routes"":[{""method"":""GET"",""route"":""/api/messages"",""count"":1,""avgMs"":297,""maxMs"":297,""statusCounts"":{""200"":1}},{""method"":""GET"",""route"":""/api/unread-count"",""count"":1,""avgMs"":309,""maxMs"":309,""statusCounts"":{""200"":1}}]}",f251d9341172cd4fa210cc7a0308adc6,cf-worker,b736bad4064d7d407ec5325526018f20,fetch,"[route-metrics] {""windowMs"":91964,""requestCount"":2,""routes"":[{""method"":""GET"",""route"":""/api/messages"",""count"":1,""avgMs"":297,""maxMs"":297,""statusCounts"":{""200"":1}},{""method"":""GET"",""route"":""/api/unread-count"",""count"":1,""avgMs"":309,""maxMs"":309,""statusCounts"":{""200"":1}}]}",undefined,undefined,undefined
GET https://mansion-deseo-api-production.green-silence-8594.workers.dev/api/messages,cloudflare-workers,2026-04-03T01:54:12.023Z,false,https://mansion-deseo-api-production.green-silence-8594.workers.dev/api/messages,GET,/api/messages,ok,mansion-deseo-api-production,fetch,stateless,85ef149b-3cc8-40c2-bcef-c52918c758d5,9e6471a91cb135c2,01KN8GRHQD4MRYFRV9FQQB1TYK,9e6471a91cb135c2,GET /api/messages,mansion-deseo-api-production,GET https://mansion-deseo-api-production.green-silence-8594.workers.dev/api/messages,f251d9341172cd4fa210cc7a0308adc6,cf-worker-event,b736bad4064d7d407ec5325526018f20,fetch,GET https://mansion-deseo-api-production.green-silence-8594.workers.dev/api/messages,undefined,undefined,undefined
GET https://mansion-deseo-api-production.green-silence-8594.workers.dev/api/unread-count,cloudflare-workers,2026-04-03T01:54:12.023Z,false,https://mansion-deseo-api-production.green-silence-8594.workers.dev/api/unread-count,GET,/api/unread-count,ok,mansion-deseo-api-production,fetch,stateless,85ef149b-3cc8-40c2-bcef-c52918c758d5,9e6471a91cb035c2,01KN8GRHDQZNSD6PDFMTXZNPNJ,9e6471a91cb035c2,GET /api/unread-count,mansion-deseo-api-production,GET https://mansion-deseo-api-production.green-silence-8594.workers.dev/api/unread-count,f251d9341172cd4fa210cc7a0308adc6,cf-worker-event,b736bad4064d7d407ec5325526018f20,fetch,GET https://mansion-deseo-api-production.green-silence-8594.workers.dev/api/unread-count,undefined,undefined,undefined
GET https://mansion-deseo-api-production.green-silence-8594.workers.dev/api/messages,cloudflare-workers,2026-04-03T01:53:30.007Z,false,https://mansion-deseo-api-production.green-silence-8594.workers.dev/api/messages,GET,/api/messages,ok,mansion-deseo-api-production,fetch,stateless,85ef149b-3cc8-40c2-bcef-c52918c758d5,9e6470a279af35c2,01KN8GQ8CQZQZW3TX4FYQB7W1G,9e6470a279af35c2,GET /api/messages,mansion-deseo-api-production,GET https://mansion-deseo-api-production.green-silence-8594.workers.dev/api/messages,f251d9341172cd4fa210cc7a0308adc6,cf-worker-event,b736bad4064d7d407ec5325526018f20,fetch,GET https://mansion-deseo-api-production.green-silence-8594.workers.dev/api/messages,undefined,undefined,undefined
"[route-metrics] {""windowMs"":66550,""requestCount"":4,""routes"":[{""method"":""GET"",""route"":""/api/messages"",""count"":3,""avgMs"":304,""maxMs"":307,""statusCounts"":{""200"":3}},{""method"":""GET"",""route"":""/api/profiles"",""count"":1,""avgMs"":455,""maxMs"":455,""statusCounts"":{""200"":1}}]}",cloudflare-workers,2026-04-03T01:52:40.369Z,false,https://mansion-deseo-api-production.green-silence-8594.workers.dev/api/messages,GET,/api/messages,ok,mansion-deseo-api-production,fetch,stateless,85ef149b-3cc8-40c2-bcef-c52918c758d5,9e646f6a6f0c35c2,01KN8GNQXH64QY7BPVB9028168,9e646f6a6f0c35c2,GET /api/messages,mansion-deseo-api-production,"[route-metrics] {""windowMs"":66550,""requestCount"":4,""routes"":[{""method"":""GET"",""route"":""/api/messages"",""count"":3,""avgMs"":304,""maxMs"":307,""statusCounts"":{""200"":3}},{""method"":""GET"",""route"":""/api/profiles"",""count"":1,""avgMs"":455,""maxMs"":455,""statusCounts"":{""200"":1}}]}",f251d9341172cd4fa210cc7a0308adc6,cf-worker,b736bad4064d7d407ec5325526018f20,fetch,"[route-metrics] {""windowMs"":66550,""requestCount"":4,""routes"":[{""method"":""GET"",""route"":""/api/messages"",""count"":3,""avgMs"":304,""maxMs"":307,""statusCounts"":{""200"":3}},{""method"":""GET"",""route"":""/api/profiles"",""count"":1,""avgMs"":455,""maxMs"":455,""statusCounts"":{""200"":1}}]}",undefined,undefined,undefined
GET https://mansion-deseo-api-production.green-silence-8594.workers.dev/api/messages,cloudflare-workers,2026-04-03T01:52:40.067Z,false,https://mansion-deseo-api-production.green-silence-8594.workers.dev/api/messages,GET,/api/messages,ok,mansion-deseo-api-production,fetch,stateless,85ef149b-3cc8-40c2-bcef-c52918c758d5,9e646f6a6f0c35c2,01KN8GNQM3F2328DR98PMVX99Q,9e646f6a6f0c35c2,GET /api/messages,mansion-deseo-api-production,GET https://mansion-deseo-api-production.green-silence-8594.workers.dev/api/messages,f251d9341172cd4fa210cc7a0308adc6,cf-worker-event,b736bad4064d7d407ec5325526018f20,fetch,GET https://mansion-deseo-api-production.green-silence-8594.workers.dev/api/messages,undefined,undefined,undefined
GET https://mansion-deseo-api-production.green-silence-8594.workers.dev/api/messages,cloudflare-workers,2026-04-03T01:52:01.420Z,false,https://mansion-deseo-api-production.green-silence-8594.workers.dev/api/messages,GET,/api/messages,ok,mansion-deseo-api-production,fetch,stateless,85ef149b-3cc8-40c2-bcef-c52918c758d5,9e646e78dfed35c2,01KN8GMHWCK5MEWWJFJ80EHTGK,9e646e78dfed35c2,GET /api/messages,mansion-deseo-api-production,GET https://mansion-deseo-api-production.green-silence-8594.workers.dev/api/messages,f251d9341172cd4fa210cc7a0308adc6,cf-worker-event,b736bad4064d7d407ec5325526018f20,fetch,GET https://mansion-deseo-api-production.green-silence-8594.workers.dev/api/messages,undefined,undefined,undefined
GET https://mansion-deseo-api-production.green-silence-8594.workers.dev/api/profiles,cloudflare-workers,2026-04-03T01:51:43.985Z,false,https://mansion-deseo-api-production.green-silence-8594.workers.dev/api/profiles,GET,/api/profiles,ok,mansion-deseo-api-production,fetch,stateless,85ef149b-3cc8-40c2-bcef-c52918c758d5,9e646e0be89035c2,01KN8GM0VHAA56XTK5MP6RGAKX,9e646e0be89035c2,GET /api/profiles,mansion-deseo-api-production,GET https://mansion-deseo-api-production.green-silence-8594.workers.dev/api/profiles,f251d9341172cd4fa210cc7a0308adc6,cf-worker-event,b736bad4064d7d407ec5325526018f20,fetch,GET https://mansion-deseo-api-production.green-silence-8594.workers.dev/api/profiles,undefined,undefined,undefined
GET https://mansion-deseo-api-production.green-silence-8594.workers.dev/api/messages,cloudflare-workers,2026-04-03T01:51:38.384Z,false,https://mansion-deseo-api-production.green-silence-8594.workers.dev/api/messages,GET,/api/messages,ok,mansion-deseo-api-production,fetch,stateless,85ef149b-3cc8-40c2-bcef-c52918c758d5,9e646de8db3635c2,01KN8GKVCG2DHETBVAPJ4JT95G,9e646de8db3635c2,GET /api/messages,mansion-deseo-api-production,GET https://mansion-deseo-api-production.green-silence-8594.workers.dev/api/messages,f251d9341172cd4fa210cc7a0308adc6,cf-worker-event,b736bad4064d7d407ec5325526018f20,fetch,GET https://mansion-deseo-api-production.green-silence-8594.workers.dev/api/messages,undefined,undefined,undefined
"[route-metrics] {""windowMs"":83263,""requestCount"":4,""routes"":[{""method"":""GET"",""route"":""/api/gifts/received/:userId"",""count"":1,""avgMs"":385,""maxMs"":385,""statusCounts"":{""200"":1}},{""method"":""GET"",""route"":""/api/messages"",""count"":1,""avgMs"":394,""maxMs"":394,""statusCounts"":{""200"":1}},{""method"":""GET"",""route"":""/api/profiles"",""count"":1,""avgMs"":576,""maxMs"":576,""statusCounts"":{""200"":1}},{""method"":""GET"",""route"":""/api/stories"",""count"":1,""avgMs"":308,""maxMs"":308,""statusCounts"":{""200"":1}}]}",cloudflare-workers,2026-04-03T01:51:33.819Z,false,https://mansion-deseo-api-production.green-silence-8594.workers.dev/api/stories?page=1&limit=100,GET,/api/stories,ok,mansion-deseo-api-production,fetch,stateless,85ef149b-3cc8-40c2-bcef-c52918c758d5,9e646dca6c3635c2,01KN8GKPXVYRR491AN7RWA1BK5,9e646dca6c3635c2,GET /api/stories,mansion-deseo-api-production,"[route-metrics] {""windowMs"":83263,""requestCount"":4,""routes"":[{""method"":""GET"",""route"":""/api/gifts/received/:userId"",""count"":1,""avgMs"":385,""maxMs"":385,""statusCounts"":{""200"":1}},{""method"":""GET"",""route"":""/api/messages"",""count"":1,""avgMs"":394,""maxMs"":394,""statusCounts"":{""200"":1}},{""method"":""GET"",""route"":""/api/profiles"",""count"":1,""avgMs"":576,""maxMs"":576,""statusCounts"":{""200"":1}},{""method"":""GET"",""route"":""/api/stories"",""count"":1,""avgMs"":308,""maxMs"":308,""statusCounts"":{""200"":1}}]}",f251d9341172cd4fa210cc7a0308adc6,cf-worker,b736bad4064d7d407ec5325526018f20,fetch,"[route-metrics] {""windowMs"":83263,""requestCount"":4,""routes"":[{""method"":""GET"",""route"":""/api/gifts/received/:userId"",""count"":1,""avgMs"":385,""maxMs"":385,""statusCounts"":{""200"":1}},{""method"":""GET"",""route"":""/api/messages"",""count"":1,""avgMs"":394,""maxMs"":394,""statusCounts"":{""200"":1}},{""method"":""GET"",""route"":""/api/profiles"",""count"":1,""avgMs"":576,""maxMs"":576,""statusCounts"":{""200"":1}},{""method"":""GET"",""route"":""/api/stories"",""count"":1,""avgMs"":308,""maxMs"":308,""statusCounts"":{""200"":1}}]}",undefined,undefined,undefined
GET https://mansion-deseo-api-production.green-silence-8594.workers.dev/api/stories?page=1&limit=100,cloudflare-workers,2026-04-03T01:51:33.511Z,false,https://mansion-deseo-api-production.green-silence-8594.workers.dev/api/stories?page=1&limit=100,GET,/api/stories,ok,mansion-deseo-api-production,fetch,stateless,85ef149b-3cc8-40c2-bcef-c52918c758d5,9e646dca6c3635c2,01KN8GKPM7T8C9VM1S199FBYHS,9e646dca6c3635c2,GET /api/stories,mansion-deseo-api-production,GET https://mansion-deseo-api-production.green-silence-8594.workers.dev/api/stories?page=1&limit=100,f251d9341172cd4fa210cc7a0308adc6,cf-worker-event,b736bad4064d7d407ec5325526018f20,fetch,GET https://mansion-deseo-api-production.green-silence-8594.workers.dev/api/stories?page=1&limit=100,undefined,undefined,undefined
GET https://mansion-deseo-api-production.green-silence-8594.workers.dev/api/gifts/received/REDACTED,cloudflare-workers,2026-04-03T01:50:53.758Z,false,https://mansion-deseo-api-production.green-silence-8594.workers.dev/api/gifts/received/REDACTED,GET,/api/gifts/received/REDACTED,ok,mansion-deseo-api-production,fetch,stateless,85ef149b-3cc8-40c2-bcef-c52918c758d5,9e646cd069cc35c2,01KN8GJFSYYK370H6F9R5CS843,9e646cd069cc35c2,GET /api/gifts/received/REDACTED,mansion-deseo-api-production,GET https://mansion-deseo-api-production.green-silence-8594.workers.dev/api/gifts/received/REDACTED,f251d9341172cd4fa210cc7a0308adc6,cf-worker-event,b736bad4064d7d407ec5325526018f20,fetch,GET https://mansion-deseo-api-production.green-silence-8594.workers.dev/api/gifts/received/REDACTED,undefined,undefined,undefined
GET https://mansion-deseo-api-production.green-silence-8594.workers.dev/api/messages,cloudflare-workers,2026-04-03T01:50:53.754Z,false,https://mansion-deseo-api-production.green-silence-8594.workers.dev/api/messages,GET,/api/messages,ok,mansion-deseo-api-production,fetch,stateless,85ef149b-3cc8-40c2-bcef-c52918c758d5,9e646cd069cb35c2,01KN8GJFSYYK370H6F9R5CS844,9e646cd069cb35c2,GET /api/messages,mansion-deseo-api-production,GET https://mansion-deseo-api-production.green-silence-8594.workers.dev/api/messages,f251d9341172cd4fa210cc7a0308adc6,cf-worker-event,b736bad4064d7d407ec5325526018f20,fetch,GET https://mansion-deseo-api-production.green-silence-8594.workers.dev/api/messages,undefined,undefined,undefined
GET https://mansion-deseo-api-production.green-silence-8594.workers.dev/api/profiles,cloudflare-workers,2026-04-03T01:50:53.740Z,false,https://mansion-deseo-api-production.green-silence-8594.workers.dev/api/profiles,GET,/api/profiles,ok,mansion-deseo-api-production,fetch,stateless,85ef149b-3cc8-40c2-bcef-c52918c758d5,9e646cd069cd35c2,01KN8GJFSYYK370H6F9R5CS845,9e646cd069cd35c2,GET /api/profiles,mansion-deseo-api-production,GET https://mansion-deseo-api-production.green-silence-8594.workers.dev/api/profiles,f251d9341172cd4fa210cc7a0308adc6,cf-worker-event,b736bad4064d7d407ec5325526018f20,fetch,GET https://mansion-deseo-api-production.green-silence-8594.workers.dev/api/profiles,undefined,undefined,undefined
"[route-metrics] {""windowMs"":84450,""requestCount"":11,""routes"":[{""method"":""GET"",""route"":""/api/profiles"",""count"":4,""avgMs"":463,""maxMs"":476,""statusCounts"":{""200"":4}},{""method"":""GET"",""route"":""/api/visits"",""count"":2,""avgMs"":306,""maxMs"":308,""statusCounts"":{""200"":2}},{""method"":""GET"",""route"":""/api/app/bootstrap"",""count"":1,""avgMs"":320,""maxMs"":320,""statusCounts"":{""200"":1}},{""method"":""GET"",""route"":""/api/unread-count"",""count"":1,""avgMs"":300,""maxMs"":300,""statusCounts"":{""200"":1}},{""method"":""GET"",""route"":""/api/stories"",""count"":1,""avgMs"":293,""maxMs"":293,""statusCounts"":{""200"":1}},{""method"":""GET"",""route"":""/api/messages"",""count"":1,""avgMs"":303,""maxMs"":303,""statusCounts"":{""200"":1}},{""method"":""GET"",""route"":""/api/gifts/received/:userId"",""count"":1,""avgMs"":288,""maxMs"":288,""statusCounts"":{""200"":1}}]}",cloudflare-workers,2026-04-03T01:50:10.556Z,false,https://mansion-deseo-api-production.green-silence-8594.workers.dev/api/profiles,GET,/api/profiles,ok,mansion-deseo-api-production,fetch,stateless,85ef149b-3cc8-40c2-bcef-c52918c758d5,9e646bc10b4235c2,01KN8GH5KWG7XZE0Q4D23G9QM7,9e646bc10b4235c2,GET /api/profiles,mansion-deseo-api-production,"[route-metrics] {""windowMs"":84450,""requestCount"":11,""routes"":[{""method"":""GET"",""route"":""/api/profiles"",""count"":4,""avgMs"":463,""maxMs"":476,""statusCounts"":{""200"":4}},{""method"":""GET"",""route"":""/api/visits"",""count"":2,""avgMs"":306,""maxMs"":308,""statusCounts"":{""200"":2}},{""method"":""GET"",""route"":""/api/app/bootstrap"",""count"":1,""avgMs"":320,""maxMs"":320,""statusCounts"":{""200"":1}},{""method"":""GET"",""route"":""/api/unread-count"",""count"":1,""avgMs"":300,""maxMs"":300,""statusCounts"":{""200"":1}},{""method"":""GET"",""route"":""/api/stories"",""count"":1,""avgMs"":293,""maxMs"":293,""statusCounts"":{""200"":1}},{""method"":""GET"",""route"":""/api/messages"",""count"":1,""avgMs"":303,""maxMs"":303,""statusCounts"":{""200"":1}},{""method"":""GET"",""route"":""/api/gifts/received/:userId"",""count"":1,""avgMs"":288,""maxMs"":288,""statusCounts"":{""200"":1}}]}",f251d9341172cd4fa210cc7a0308adc6,cf-worker,b736bad4064d7d407ec5325526018f20,fetch,"[route-metrics] {""windowMs"":84450,""requestCount"":11,""routes"":[{""method"":""GET"",""route"":""/api/profiles"",""count"":4,""avgMs"":463,""maxMs"":476,""statusCounts"":{""200"":4}},{""method"":""GET"",""route"":""/api/visits"",""count"":2,""avgMs"":306,""maxMs"":308,""statusCounts"":{""200"":2}},{""method"":""GET"",""route"":""/api/app/bootstrap"",""count"":1,""avgMs"":320,""maxMs"":320,""statusCounts"":{""200"":1}},{""method"":""GET"",""route"":""/api/unread-count"",""count"":1,""avgMs"":300,""maxMs"":300,""statusCounts"":{""200"":1}},{""method"":""GET"",""route"":""/api/stories"",""count"":1,""avgMs"":293,""maxMs"":293,""statusCounts"":{""200"":1}},{""method"":""GET"",""route"":""/api/messages"",""count"":1,""avgMs"":303,""maxMs"":303,""statusCounts"":{""200"":1}},{""method"":""GET"",""route"":""/api/gifts/received/:userId"",""count"":1,""avgMs"":288,""maxMs"":288,""statusCounts"":{""200"":1}}]}",undefined,undefined,undefined
GET https://mansion-deseo-api-production.green-silence-8594.workers.dev/api/profiles,cloudflare-workers,2026-04-03T01:50:10.093Z,false,https://mansion-deseo-api-production.green-silence-8594.workers.dev/api/profiles,GET,/api/profiles,ok,mansion-deseo-api-production,fetch,stateless,85ef149b-3cc8-40c2-bcef-c52918c758d5,9e646bc10b4235c2,01KN8GH55D8Q6F7097GH12FTH0,9e646bc10b4235c2,GET /api/profiles,mansion-deseo-api-production,GET https://mansion-deseo-api-production.green-silence-8594.workers.dev/api/profiles,f251d9341172cd4fa210cc7a0308adc6,cf-worker-event,b736bad4064d7d407ec5325526018f20,fetch,GET https://mansion-deseo-api-production.green-silence-8594.workers.dev/api/profiles,undefined,undefined,undefined
GET https://mansion-deseo-api-production.green-silence-8594.workers.dev/api/gifts/received/REDACTED,cloudflare-workers,2026-04-03T01:49:43.606Z,false,https://mansion-deseo-api-production.green-silence-8594.workers.dev/api/gifts/received/REDACTED,GET,/api/gifts/received/REDACTED,ok,mansion-deseo-api-production,fetch,stateless,85ef149b-3cc8-40c2-bcef-c52918c758d5,9e646b1b8f6735c2,01KN8GGB9P9G9PKR6GQN87H85N,9e646b1b8f6735c2,GET /api/gifts/received/REDACTED,mansion-deseo-api-production,GET https://mansion-deseo-api-production.green-silence-8594.workers.dev/api/gifts/received/REDACTED,f251d9341172cd4fa210cc7a0308adc6,cf-worker-event,b736bad4064d7d407ec5325526018f20,fetch,GET https://mansion-deseo-api-production.green-silence-8594.workers.dev/api/gifts/received/REDACTED,undefined,undefined,undefined
GET https://mansion-deseo-api-production.green-silence-8594.workers.dev/api/profiles,cloudflare-workers,2026-04-03T01:49:39.802Z,false,https://mansion-deseo-api-production.green-silence-8594.workers.dev/api/profiles,GET,/api/profiles,ok,mansion-deseo-api-production,fetch,stateless,85ef149b-3cc8-40c2-bcef-c52918c758d5,9e646b03ba5b35c2,01KN8GG7JTHGVR7GRVBCQMJN0Z,9e646b03ba5b35c2,GET /api/profiles,mansion-deseo-api-production,GET https://mansion-deseo-api-production.green-silence-8594.workers.dev/api/profiles,f251d9341172cd4fa210cc7a0308adc6,cf-worker-event,b736bad4064d7d407ec5325526018f20,fetch,GET https://mansion-deseo-api-production.green-silence-8594.workers.dev/api/profiles,undefined,undefined,undefined
GET https://mansion-deseo-api-production.green-silence-8594.workers.dev/api/messages,cloudflare-workers,2026-04-03T01:49:36.167Z,false,https://mansion-deseo-api-production.green-silence-8594.workers.dev/api/messages,GET,/api/messages,ok,mansion-deseo-api-production,fetch,stateless,85ef149b-3cc8-40c2-bcef-c52918c758d5,9e646aed0f2b35c2,01KN8GG417GQNZB8BYNEZYK63N,9e646aed0f2b35c2,GET /api/messages,mansion-deseo-api-production,GET https://mansion-deseo-api-production.green-silence-8594.workers.dev/api/messages,f251d9341172cd4fa210cc7a0308adc6,cf-worker-event,b736bad4064d7d407ec5325526018f20,fetch,GET https://mansion-deseo-api-production.green-silence-8594.workers.dev/api/messages,undefined,undefined,undefined
GET https://mansion-deseo-api-production.green-silence-8594.workers.dev/api/stories?page=1&limit=100,cloudflare-workers,2026-04-03T01:49:23.744Z,false,https://mansion-deseo-api-production.green-silence-8594.workers.dev/api/stories?page=1&limit=100,GET,/api/stories,ok,mansion-deseo-api-production,fetch,stateless,85ef149b-3cc8-40c2-bcef-c52918c758d5,9e646a9f5bef35c2,01KN8GFQX0RV5X1CGYBJFAQK3A,9e646a9f5bef35c2,GET /api/stories,mansion-deseo-api-production,GET https://mansion-deseo-api-production.green-silence-8594.workers.dev/api/stories?page=1&limit=100,f251d9341172cd4fa210cc7a0308adc6,cf-worker-event,b736bad4064d7d407ec5325526018f20,fetch,GET https://mansion-deseo-api-production.green-silence-8594.workers.dev/api/stories?page=1&limit=100,undefined,undefined,undefined
GET https://mansion-deseo-api-production.green-silence-8594.workers.dev/api/visits,cloudflare-workers,2026-04-03T01:49:18.403Z,false,https://mansion-deseo-api-production.green-silence-8594.workers.dev/api/visits,GET,/api/visits,ok,mansion-deseo-api-production,fetch,stateless,85ef149b-3cc8-40c2-bcef-c52918c758d5,9e646a7e0ecc35c2,01KN8GFJP3T35XZ9HP5PRE949K,9e646a7e0ecc35c2,GET /api/visits,mansion-deseo-api-production,GET https://mansion-deseo-api-production.green-silence-8594.workers.dev/api/visits,f251d9341172cd4fa210cc7a0308adc6,cf-worker-event,b736bad4064d7d407ec5325526018f20,fetch,GET https://mansion-deseo-api-production.green-silence-8594.workers.dev/api/visits,undefined,undefined,undefined
websocket:message,cloudflare-workers,2026-04-03T01:49:10.668Z,false,,,,ok,mansion-deseo-api-production,websocket,durableObject,85ef149b-3cc8-40c2-bcef-c52918c758d5,5ZUSPD6GKVUQOQW1,01KN8H56KC6B9JMY38W6JP6WM8,5ZUSPD6GKVUQOQW1,mansion-deseo-api-production,mansion-deseo-api-production,websocket:message,f251d9341172cd4fa210cc7a0308adc6,cf-worker-event,b736bad4064d7d407ec5325526018f20,websocket,websocket:message,undefined,undefined,undefined
GET https://mansion-deseo-api-production.green-silence-8594.workers.dev/api/notifications/ws?token=REDACTED.REDACTED.REDACTED,cloudflare-workers,2026-04-03T01:49:10.594Z,false,https://mansion-deseo-api-production.green-silence-8594.workers.dev/api/notifications/ws?token=REDACTED.REDACTED.REDACTED,GET,/api/notifications/ws,canceled,mansion-deseo-api-production,fetch,stateless,85ef149b-3cc8-40c2-bcef-c52918c758d5,9e646a4c5898a79c,01KN8HD9KT2HHAE7WCMKC1A462,9e646a4c5898a79c,GET /api/notifications/ws,mansion-deseo-api-production,GET https://mansion-deseo-api-production.green-silence-8594.workers.dev/api/notifications/ws?token=REDACTED.REDACTED.REDACTED,f251d9341172cd4fa210cc7a0308adc6,cf-worker-event,b736bad4064d7d407ec5325526018f20,fetch,GET https://mansion-deseo-api-production.green-silence-8594.workers.dev/api/notifications/ws?token=REDACTED.REDACTED.REDACTED,undefined,undefined,undefined
GET https://mansion-deseo-api-production.green-silence-8594.workers.dev/api/notifications/ws?token=REDACTED.REDACTED.REDACTED,cloudflare-workers,2026-04-03T01:49:10.450Z,false,https://mansion-deseo-api-production.green-silence-8594.workers.dev/api/notifications/ws?token=REDACTED.REDACTED.REDACTED,GET,/api/notifications/ws,ok,mansion-deseo-api-production,fetch,durableObject,85ef149b-3cc8-40c2-bcef-c52918c758d5,9e646a4c5898a79c,01KN8HDCGTAQ31RT8Q325Q7AZX,9e646a4c5898a79c,GET /api/notifications/ws,mansion-deseo-api-production,GET https://mansion-deseo-api-production.green-silence-8594.workers.dev/api/notifications/ws?token=REDACTED.REDACTED.REDACTED,f251d9341172cd4fa210cc7a0308adc6,cf-worker-event,b736bad4064d7d407ec5325526018f20,fetch,GET https://mansion-deseo-api-production.green-silence-8594.workers.dev/api/notifications/ws?token=REDACTED.REDACTED.REDACTED,undefined,undefined,undefined
GET https://mansion-deseo-api-production.green-silence-8594.workers.dev/api/unread-count,cloudflare-workers,2026-04-03T01:49:10.420Z,false,https://mansion-deseo-api-production.green-silence-8594.workers.dev/api/unread-count,GET,/api/unread-count,ok,mansion-deseo-api-production,fetch,stateless,85ef149b-3cc8-40c2-bcef-c52918c758d5,9e646a4c196435c2,01KN8GFAWM7DH17B5T4DD2X290,9e646a4c196435c2,GET /api/unread-count,mansion-deseo-api-production,GET https://mansion-deseo-api-production.green-silence-8594.workers.dev/api/unread-count,f251d9341172cd4fa210cc7a0308adc6,cf-worker-event,b736bad4064d7d407ec5325526018f20,fetch,GET https://mansion-deseo-api-production.green-silence-8594.workers.dev/api/unread-count,undefined,undefined,undefined
GET https://mansion-deseo-api-production.green-silence-8594.workers.dev/api/profiles,cloudflare-workers,2026-04-03T01:49:10.412Z,false,https://mansion-deseo-api-production.green-silence-8594.workers.dev/api/profiles,GET,/api/profiles,ok,mansion-deseo-api-production,fetch,stateless,85ef149b-3cc8-40c2-bcef-c52918c758d5,9e646a4c095635c2,01KN8GFAWM7DH17B5T4DD2X291,9e646a4c095635c2,GET /api/profiles,mansion-deseo-api-production,GET https://mansion-deseo-api-production.green-silence-8594.workers.dev/api/profiles,f251d9341172cd4fa210cc7a0308adc6,cf-worker-event,b736bad4064d7d407ec5325526018f20,fetch,GET https://mansion-deseo-api-production.green-silence-8594.workers.dev/api/profiles,undefined,undefined,undefined
"[route-metrics] {""windowMs"":1775180948810,""requestCount"":1,""routes"":[{""method"":""GET"",""route"":""/api/messages"",""count"":1,""avgMs"":0,""maxMs"":0,""statusCounts"":{""401"":1}}]}",cloudflare-workers,2026-04-03T01:49:08.810Z,false,https://mansion-deseo-api-production.green-silence-8594.workers.dev/api/messages,GET,/api/messages,ok,mansion-deseo-api-production,fetch,stateless,85ef149b-3cc8-40c2-bcef-c52918c758d5,9e646a41c2bdc70a,01KN8GF9AAT70HXJAPAG3SC242,9e646a41c2bdc70a,GET /api/messages,mansion-deseo-api-production,"[route-metrics] {""windowMs"":1775180948810,""requestCount"":1,""routes"":[{""method"":""GET"",""route"":""/api/messages"",""count"":1,""avgMs"":0,""maxMs"":0,""statusCounts"":{""401"":1}}]}",f251d9341172cd4fa210cc7a0308adc6,cf-worker,b736bad4064d7d407ec5325526018f20,fetch,"[route-metrics] {""windowMs"":1775180948810,""requestCount"":1,""routes"":[{""method"":""GET"",""route"":""/api/messages"",""count"":1,""avgMs"":0,""maxMs"":0,""statusCounts"":{""401"":1}}]}",undefined,undefined,undefined
GET https://mansion-deseo-api-production.green-silence-8594.workers.dev/api/messages,cloudflare-workers,2026-04-03T01:49:08.788Z,false,https://mansion-deseo-api-production.green-silence-8594.workers.dev/api/messages,GET,/api/messages,ok,mansion-deseo-api-production,fetch,stateless,85ef149b-3cc8-40c2-bcef-c52918c758d5,9e646a41c2bdc70a,01KN8GF99M878963TDH9G2XKN7,9e646a41c2bdc70a,GET /api/messages,mansion-deseo-api-production,GET https://mansion-deseo-api-production.green-silence-8594.workers.dev/api/messages,f251d9341172cd4fa210cc7a0308adc6,cf-worker-event,b736bad4064d7d407ec5325526018f20,fetch,GET https://mansion-deseo-api-production.green-silence-8594.workers.dev/api/messages,undefined,undefined,undefined
GET https://mansion-deseo-api-production.green-silence-8594.workers.dev/api/visits,cloudflare-workers,2026-04-03T01:48:53.770Z,false,https://mansion-deseo-api-production.green-silence-8594.workers.dev/api/visits,GET,/api/visits,ok,mansion-deseo-api-production,fetch,stateless,85ef149b-3cc8-40c2-bcef-c52918c758d5,9e6469e40d5035c2,01KN8GETMA039EFM443A96B866,9e6469e40d5035c2,GET /api/visits,mansion-deseo-api-production,GET https://mansion-deseo-api-production.green-silence-8594.workers.dev/api/visits,f251d9341172cd4fa210cc7a0308adc6,cf-worker-event,b736bad4064d7d407ec5325526018f20,fetch,GET https://mansion-deseo-api-production.green-silence-8594.workers.dev/api/visits,undefined,undefined,undefined
"[route-metrics] {""windowMs"":69451,""requestCount"":3,""routes"":[{""method"":""GET"",""route"":""/api/profiles"",""count"":2,""avgMs"":567,""maxMs"":691,""statusCounts"":{""200"":2}},{""method"":""GET"",""route"":""/api/unread-count"",""count"":1,""avgMs"":320,""maxMs"":320,""statusCounts"":{""200"":1}}]}",cloudflare-workers,2026-04-03T01:48:46.106Z,false,https://mansion-deseo-api-production.green-silence-8594.workers.dev/api/unread-count,GET,/api/unread-count,ok,mansion-deseo-api-production,fetch,stateless,85ef149b-3cc8-40c2-bcef-c52918c758d5,9e6469b2281335c2,01KN8GEK4TG50GHR4Y1B8JPXX8,9e6469b2281335c2,GET /api/unread-count,mansion-deseo-api-production,"[route-metrics] {""windowMs"":69451,""requestCount"":3,""routes"":[{""method"":""GET"",""route"":""/api/profiles"",""count"":2,""avgMs"":567,""maxMs"":691,""statusCounts"":{""200"":2}},{""method"":""GET"",""route"":""/api/unread-count"",""count"":1,""avgMs"":320,""maxMs"":320,""statusCounts"":{""200"":1}}]}",f251d9341172cd4fa210cc7a0308adc6,cf-worker,b736bad4064d7d407ec5325526018f20,fetch,"[route-metrics] {""windowMs"":69451,""requestCount"":3,""routes"":[{""method"":""GET"",""route"":""/api/profiles"",""count"":2,""avgMs"":567,""maxMs"":691,""statusCounts"":{""200"":2}},{""method"":""GET"",""route"":""/api/unread-count"",""count"":1,""avgMs"":320,""maxMs"":320,""statusCounts"":{""200"":1}}]}",undefined,undefined,undefined
"[route-metrics] {""windowMs"":139882,""requestCount"":2,""routes"":[{""method"":""GET"",""route"":""/api/notifications/ws"",""count"":2,""avgMs"":137,""maxMs"":139,""statusCounts"":{""101"":2}}]}",cloudflare-workers,2026-04-03T01:48:45.968Z,false,https://mansion-deseo-api-production.green-silence-8594.workers.dev/api/notifications/ws?token=REDACTED.REDACTED.REDACTED,GET,/api/notifications/ws,canceled,mansion-deseo-api-production,fetch,stateless,85ef149b-3cc8-40c2-bcef-c52918c758d5,9e6469b25c591e7c,01KN8GEK0G9AV97DEFBGQ1P2S6,9e6469b25c591e7c,GET /api/notifications/ws,mansion-deseo-api-production,"[route-metrics] {""windowMs"":139882,""requestCount"":2,""routes"":[{""method"":""GET"",""route"":""/api/notifications/ws"",""count"":2,""avgMs"":137,""maxMs"":139,""statusCounts"":{""101"":2}}]}",f251d9341172cd4fa210cc7a0308adc6,cf-worker,b736bad4064d7d407ec5325526018f20,fetch,"[route-metrics] {""windowMs"":139882,""requestCount"":2,""routes"":[{""method"":""GET"",""route"":""/api/notifications/ws"",""count"":2,""avgMs"":137,""maxMs"":139,""statusCounts"":{""101"":2}}]}",undefined,undefined,undefined
websocket:close,cloudflare-workers,2026-04-03T01:48:45.904Z,false,,,,ok,mansion-deseo-api-production,websocket,durableObject,85ef149b-3cc8-40c2-bcef-c52918c758d5,MYJ8Y6LWC9E73L17,01KN8GET22Y3MMRNR7TM38HXYF,MYJ8Y6LWC9E73L17,mansion-deseo-api-production,mansion-deseo-api-production,websocket:close,f251d9341172cd4fa210cc7a0308adc6,cf-worker-event,b736bad4064d7d407ec5325526018f20,websocket,websocket:close,undefined,undefined,undefined
GET https://mansion-deseo-api-production.green-silence-8594.workers.dev/api/notifications/ws?token=REDACTED.REDACTED.REDACTED,cloudflare-workers,2026-04-03T01:48:45.833Z,false,https://mansion-deseo-api-production.green-silence-8594.workers.dev/api/notifications/ws?token=REDACTED.REDACTED.REDACTED,GET,/api/notifications/ws,canceled,mansion-deseo-api-production,fetch,stateless,85ef149b-3cc8-40c2-bcef-c52918c758d5,9e6469b25c591e7c,01KN8GEJW9JSX78BAJFRT3B3JA,9e6469b25c591e7c,GET /api/notifications/ws,mansion-deseo-api-production,GET https://mansion-deseo-api-production.green-silence-8594.workers.dev/api/notifications/ws?token=REDACTED.REDACTED.REDACTED,f251d9341172cd4fa210cc7a0308adc6,cf-worker-event,b736bad4064d7d407ec5325526018f20,fetch,GET https://mansion-deseo-api-production.green-silence-8594.workers.dev/api/notifications/ws?token=REDACTED.REDACTED.REDACTED,undefined,undefined,undefined
GET https://mansion-deseo-api-production.green-silence-8594.workers.dev/api/notifications/ws?token=REDACTED.REDACTED.REDACTED,cloudflare-workers,2026-04-03T01:48:45.796Z,false,https://mansion-deseo-api-production.green-silence-8594.workers.dev/api/notifications/ws?token=REDACTED.REDACTED.REDACTED,GET,/api/notifications/ws,responseStreamDisconnected,mansion-deseo-api-production,fetch,durableObject,85ef149b-3cc8-40c2-bcef-c52918c758d5,9e6469b25c591e7c,01KN8GET22Y3MMRNR7TM38HXYG,9e6469b25c591e7c,GET /api/notifications/ws,mansion-deseo-api-production,GET https://mansion-deseo-api-production.green-silence-8594.workers.dev/api/notifications/ws?token=REDACTED.REDACTED.REDACTED,f251d9341172cd4fa210cc7a0308adc6,cf-worker-event,b736bad4064d7d407ec5325526018f20,fetch,GET https://mansion-deseo-api-production.green-silence-8594.workers.dev/api/notifications/ws?token=REDACTED.REDACTED.REDACTED,undefined,undefined,undefined
GET https://mansion-deseo-api-production.green-silence-8594.workers.dev/api/unread-count,cloudflare-workers,2026-04-03T01:48:45.786Z,false,https://mansion-deseo-api-production.green-silence-8594.workers.dev/api/unread-count,GET,/api/unread-count,ok,mansion-deseo-api-production,fetch,stateless,85ef149b-3cc8-40c2-bcef-c52918c758d5,9e6469b2281335c2,01KN8GEJTTWTK47T889TS0K3J1,9e6469b2281335c2,GET /api/unread-count,mansion-deseo-api-production,GET https://mansion-deseo-api-production.green-silence-8594.workers.dev/api/unread-count,f251d9341172cd4fa210cc7a0308adc6,cf-worker-event,b736bad4064d7d407ec5325526018f20,fetch,GET https://mansion-deseo-api-production.green-silence-8594.workers.dev/api/unread-count,undefined,undefined,undefined
GET https://mansion-deseo-api-production.green-silence-8594.workers.dev/api/app/bootstrap,cloudflare-workers,2026-04-03T01:48:45.785Z,false,https://mansion-deseo-api-production.green-silence-8594.workers.dev/api/app/bootstrap,GET,/api/app/bootstrap,ok,mansion-deseo-api-production,fetch,stateless,85ef149b-3cc8-40c2-bcef-c52918c758d5,9e6469b2281435c2,01KN8GEK4TG50GHR4Y1B8JPXX9,9e6469b2281435c2,GET /api/app/bootstrap,mansion-deseo-api-production,GET https://mansion-deseo-api-production.green-silence-8594.workers.dev/api/app/bootstrap,f251d9341172cd4fa210cc7a0308adc6,cf-worker-event,b736bad4064d7d407ec5325526018f20,fetch,GET https://mansion-deseo-api-production.green-silence-8594.workers.dev/api/app/bootstrap,undefined,undefined,undefined
GET https://mansion-deseo-api-production.green-silence-8594.workers.dev/api/profiles,cloudflare-workers,2026-04-03T01:48:45.782Z,false,https://mansion-deseo-api-production.green-silence-8594.workers.dev/api/profiles,GET,/api/profiles,ok,mansion-deseo-api-production,fetch,stateless,85ef149b-3cc8-40c2-bcef-c52918c758d5,9e6469b2181135c2,01KN8GEK4TG50GHR4Y1B8JPXXA,9e6469b2181135c2,GET /api/profiles,mansion-deseo-api-production,GET https://mansion-deseo-api-production.green-silence-8594.workers.dev/api/profiles,f251d9341172cd4fa210cc7a0308adc6,cf-worker-event,b736bad4064d7d407ec5325526018f20,fetch,GET https://mansion-deseo-api-production.green-silence-8594.workers.dev/api/profiles,undefined,undefined,undefined
GET https://mansion-deseo-api-production.green-silence-8594.workers.dev/api/profiles,cloudflare-workers,2026-04-03T01:48:10.274Z,false,https://mansion-deseo-api-production.green-silence-8594.workers.dev/api/profiles,GET,/api/profiles,ok,mansion-deseo-api-production,fetch,stateless,85ef149b-3cc8-40c2-bcef-c52918c758d5,9e6468d43f9d35c2,01KN8GDG52YA5HHWBCGE84BAP0,9e6468d43f9d35c2,GET /api/profiles,mansion-deseo-api-production,GET https://mansion-deseo-api-production.green-silence-8594.workers.dev/api/profiles,f251d9341172cd4fa210cc7a0308adc6,cf-worker-event,b736bad4064d7d407ec5325526018f20,fetch,GET https://mansion-deseo-api-production.green-silence-8594.workers.dev/api/profiles,undefined,undefined,undefined
GET https://mansion-deseo-api-production.green-silence-8594.workers.dev/api/profiles,cloudflare-workers,2026-04-03T01:47:40.173Z,false,https://mansion-deseo-api-production.green-silence-8594.workers.dev/api/profiles,GET,/api/profiles,ok,mansion-deseo-api-production,fetch,stateless,85ef149b-3cc8-40c2-bcef-c52918c758d5,9e6468180ddb35c2,01KN8GCJRDCGGA9FPE3Q8FNK3E,9e6468180ddb35c2,GET /api/profiles,mansion-deseo-api-production,GET https://mansion-deseo-api-production.green-silence-8594.workers.dev/api/profiles,f251d9341172cd4fa210cc7a0308adc6,cf-worker-event,b736bad4064d7d407ec5325526018f20,fetch,GET https://mansion-deseo-api-production.green-silence-8594.workers.dev/api/profiles,undefined,undefined,undefined
"[route-metrics] {""windowMs"":74443,""requestCount"":17,""routes"":[{""method"":""GET"",""route"":""/api/profiles"",""count"":5,""avgMs"":473,""maxMs"":581,""statusCounts"":{""200"":5}},{""method"":""GET"",""route"":""/api/unread-count"",""count"":3,""avgMs"":361,""maxMs"":483,""statusCounts"":{""200"":3}},{""method"":""GET"",""route"":""/api/visits"",""count"":3,""avgMs"":296,""maxMs"":298,""statusCounts"":{""200"":3}},{""method"":""GET"",""route"":""/api/messages"",""count"":2,""avgMs"":299,""maxMs"":304,""statusCounts"":{""200"":2}},{""method"":""GET"",""route"":""/api/app/bootstrap"",""count"":1,""avgMs"":316,""maxMs"":316,""statusCounts"":{""200"":1}},{""method"":""GET"",""route"":""/api/notifications/ws"",""count"":1,""avgMs"":140,""maxMs"":140,""statusCounts"":{""101"":1}},{""method"":""GET"",""route"":""/api/stories"",""count"":1,""avgMs"":302,""maxMs"":302,""statusCounts"":{""200"":1}},{""method"":""GET"",""route"":""/api/gifts/received/:userId"",""count"":1,""avgMs"":290,""maxMs"":290,""statusCounts"":{""200"":1}}]}",cloudflare-workers,2026-04-03T01:47:36.655Z,false,https://mansion-deseo-api-production.green-silence-8594.workers.dev/api/messages,GET,/api/messages,ok,mansion-deseo-api-production,fetch,stateless,85ef149b-3cc8-40c2-bcef-c52918c758d5,9e646800381335c2,01KN8GCFAFCBKT68GCDWA4VP9X,9e646800381335c2,GET /api/messages,mansion-deseo-api-production,"[route-metrics] {""windowMs"":74443,""requestCount"":17,""routes"":[{""method"":""GET"",""route"":""/api/profiles"",""count"":5,""avgMs"":473,""maxMs"":581,""statusCounts"":{""200"":5}},{""method"":""GET"",""route"":""/api/unread-count"",""count"":3,""avgMs"":361,""maxMs"":483,""statusCounts"":{""200"":3}},{""method"":""GET"",""route"":""/api/visits"",""count"":3,""avgMs"":296,""maxMs"":298,""statusCounts"":{""200"":3}},{""method"":""GET"",""route"":""/api/messages"",""count"":2,""avgMs"":299,""maxMs"":304,""statusCounts"":{""200"":2}},{""method"":""GET"",""route"":""/api/app/bootstrap"",""count"":1,""avgMs"":316,""maxMs"":316,""statusCounts"":{""200"":1}},{""method"":""GET"",""route"":""/api/notifications/ws"",""count"":1,""avgMs"":140,""maxMs"":140,""statusCounts"":{""101"":1}},{""method"":""GET"",""route"":""/api/stories"",""count"":1,""avgMs"":302,""maxMs"":302,""statusCounts"":{""200"":1}},{""method"":""GET"",""route"":""/api/gifts/received/:userId"",""count"":1,""avgMs"":290,""maxMs"":290,""statusCounts"":{""200"":1}}]}",f251d9341172cd4fa210cc7a0308adc6,cf-worker,b736bad4064d7d407ec5325526018f20,fetch,"[route-metrics] {""windowMs"":74443,""requestCount"":17,""routes"":[{""method"":""GET"",""route"":""/api/profiles"",""count"":5,""avgMs"":473,""maxMs"":581,""statusCounts"":{""200"":5}},{""method"":""GET"",""route"":""/api/unread-count"",""count"":3,""avgMs"":361,""maxMs"":483,""statusCounts"":{""200"":3}},{""method"":""GET"",""route"":""/api/visits"",""count"":3,""avgMs"":296,""maxMs"":298,""statusCounts"":{""200"":3}},{""method"":""GET"",""route"":""/api/messages"",""count"":2,""avgMs"":299,""maxMs"":304,""statusCounts"":{""200"":2}},{""method"":""GET"",""route"":""/api/app/bootstrap"",""count"":1,""avgMs"":316,""maxMs"":316,""statusCounts"":{""200"":1}},{""method"":""GET"",""route"":""/api/notifications/ws"",""count"":1,""avgMs"":140,""maxMs"":140,""statusCounts"":{""101"":1}},{""method"":""GET"",""route"":""/api/stories"",""count"":1,""avgMs"":302,""maxMs"":302,""statusCounts"":{""200"":1}},{""method"":""GET"",""route"":""/api/gifts/received/:userId"",""count"":1,""avgMs"":290,""maxMs"":290,""statusCounts"":{""200"":1}}]}",undefined,undefined,undefined
GET https://mansion-deseo-api-production.green-silence-8594.workers.dev/api/messages,cloudflare-workers,2026-04-03T01:47:36.362Z,false,https://mansion-deseo-api-production.green-silence-8594.workers.dev/api/messages,GET,/api/messages,ok,mansion-deseo-api-production,fetch,stateless,85ef149b-3cc8-40c2-bcef-c52918c758d5,9e646800381335c2,01KN8GCF1ANJ36YVKCNYEVPHG3,9e646800381335c2,GET /api/messages,mansion-deseo-api-production,GET https://mansion-deseo-api-production.green-silence-8594.workers.dev/api/messages,f251d9341172cd4fa210cc7a0308adc6,cf-worker-event,b736bad4064d7d407ec5325526018f20,fetch,GET https://mansion-deseo-api-production.green-silence-8594.workers.dev/api/messages,undefined,undefined,undefined
GET https://mansion-deseo-api-production.green-silence-8594.workers.dev/api/profiles,cloudflare-workers,2026-04-03T01:47:18.752Z,false,https://mansion-deseo-api-production.green-silence-8594.workers.dev/api/profiles,GET,/api/profiles,ok,mansion-deseo-api-production,fetch,stateless,85ef149b-3cc8-40c2-bcef-c52918c758d5,9e6467922b9435c2,01KN8GBXV067MB7NAPG79S8C38,9e6467922b9435c2,GET /api/profiles,mansion-deseo-api-production,GET https://mansion-deseo-api-production.green-silence-8594.workers.dev/api/profiles,f251d9341172cd4fa210cc7a0308adc6,cf-worker-event,b736bad4064d7d407ec5325526018f20,fetch,GET https://mansion-deseo-api-production.green-silence-8594.workers.dev/api/profiles,undefined,undefined,undefined
GET https://mansion-deseo-api-production.green-silence-8594.workers.dev/api/gifts/received/REDACTED,cloudflare-workers,2026-04-03T01:47:15.146Z,false,https://mansion-deseo-api-production.green-silence-8594.workers.dev/api/gifts/received/REDACTED,GET,/api/gifts/received/REDACTED,ok,mansion-deseo-api-production,fetch,stateless,85ef149b-3cc8-40c2-bcef-c52918c758d5,9e64677b9dc735c2,01KN8GBTAAP6YZSQS8WHRHH79K,9e64677b9dc735c2,GET /api/gifts/received/REDACTED,mansion-deseo-api-production,GET https://mansion-deseo-api-production.green-silence-8594.workers.dev/api/gifts/received/REDACTED,f251d9341172cd4fa210cc7a0308adc6,cf-worker-event,b736bad4064d7d407ec5325526018f20,fetch,GET https://mansion-deseo-api-production.green-silence-8594.workers.dev/api/gifts/received/REDACTED,undefined,undefined,undefined
GET https://mansion-deseo-api-production.green-silence-8594.workers.dev/api/messages,cloudflare-workers,2026-04-03T01:47:13.163Z,false,https://mansion-deseo-api-production.green-silence-8594.workers.dev/api/messages,GET,/api/messages,ok,mansion-deseo-api-production,fetch,stateless,85ef149b-3cc8-40c2-bcef-c52918c758d5,9e64676f3efb35c2,01KN8GBRCBC3MFY1911TCEEPWS,9e64676f3efb35c2,GET /api/messages,mansion-deseo-api-production,GET https://mansion-deseo-api-production.green-silence-8594.workers.dev/api/messages,f251d9341172cd4fa210cc7a0308adc6,cf-worker-event,b736bad4064d7d407ec5325526018f20,fetch,GET https://mansion-deseo-api-production.green-silence-8594.workers.dev/api/messages,undefined,undefined,undefined
GET https://mansion-deseo-api-production.green-silence-8594.workers.dev/api/stories?page=1&limit=100,cloudflare-workers,2026-04-03T01:47:10.261Z,false,https://mansion-deseo-api-production.green-silence-8594.workers.dev/api/stories?page=1&limit=100,GET,/api/stories,ok,mansion-deseo-api-production,fetch,stateless,85ef149b-3cc8-40c2-bcef-c52918c758d5,9e64675d1aaf35c2,01KN8GBNHNZVKMQ3B988Y5EC73,9e64675d1aaf35c2,GET /api/stories,mansion-deseo-api-production,GET https://mansion-deseo-api-production.green-silence-8594.workers.dev/api/stories?page=1&limit=100,f251d9341172cd4fa210cc7a0308adc6,cf-worker-event,b736bad4064d7d407ec5325526018f20,fetch,GET https://mansion-deseo-api-production.green-silence-8594.workers.dev/api/stories?page=1&limit=100,undefined,undefined,undefined
GET https://mansion-deseo-api-production.green-silence-8594.workers.dev/api/visits,cloudflare-workers,2026-04-03T01:47:00.252Z,false,https://mansion-deseo-api-production.green-silence-8594.workers.dev/api/visits,GET,/api/visits,ok,mansion-deseo-api-production,fetch,stateless,85ef149b-3cc8-40c2-bcef-c52918c758d5,9e64671e887d35c2,01KN8GBBRW0H6Q1K5HMME3MJTN,9e64671e887d35c2,GET /api/visits,mansion-deseo-api-production,GET https://mansion-deseo-api-production.green-silence-8594.workers.dev/api/visits,f251d9341172cd4fa210cc7a0308adc6,cf-worker-event,b736bad4064d7d407ec5325526018f20,fetch,GET https://mansion-deseo-api-production.green-silence-8594.workers.dev/api/visits,undefined,undefined,undefined
websocket:close,cloudflare-workers,2026-04-03T01:46:52.436Z,false,,,,ok,mansion-deseo-api-production,websocket,durableObject,85ef149b-3cc8-40c2-bcef-c52918c758d5,V8CGEHHW5X5BX6R1,01KN8GCX1TA1G1R208V6KRF15J,V8CGEHHW5X5BX6R1,mansion-deseo-api-production,mansion-deseo-api-production,websocket:close,f251d9341172cd4fa210cc7a0308adc6,cf-worker-event,b736bad4064d7d407ec5325526018f20,websocket,websocket:close,undefined,undefined,undefined
GET https://mansion-deseo-api-production.green-silence-8594.workers.dev/api/notifications/ws?token=REDACTED.REDACTED.REDACTED,cloudflare-workers,2026-04-03T01:46:52.362Z,false,https://mansion-deseo-api-production.green-silence-8594.workers.dev/api/notifications/ws?token=REDACTED.REDACTED.REDACTED,GET,/api/notifications/ws,canceled,mansion-deseo-api-production,fetch,stateless,85ef149b-3cc8-40c2-bcef-c52918c758d5,9e6466ed2d3f3f06,01KN8GEBTPAMHYQXVRHPHJ3KNF,9e6466ed2d3f3f06,GET /api/notifications/ws,mansion-deseo-api-production,GET https://mansion-deseo-api-production.green-silence-8594.workers.dev/api/notifications/ws?token=REDACTED.REDACTED.REDACTED,f251d9341172cd4fa210cc7a0308adc6,cf-worker-event,b736bad4064d7d407ec5325526018f20,fetch,GET https://mansion-deseo-api-production.green-silence-8594.workers.dev/api/notifications/ws?token=REDACTED.REDACTED.REDACTED,undefined,undefined,undefined
GET https://mansion-deseo-api-production.green-silence-8594.workers.dev/api/profiles,cloudflare-workers,2026-04-03T01:46:52.320Z,false,https://mansion-deseo-api-production.green-silence-8594.workers.dev/api/profiles,GET,/api/profiles,ok,mansion-deseo-api-production,fetch,stateless,85ef149b-3cc8-40c2-bcef-c52918c758d5,9e6466ecffd835c2,01KN8GB410HFQB4WPRER1Z8ZC0,9e6466ecffd835c2,GET /api/profiles,mansion-deseo-api-production,GET https://mansion-deseo-api-production.green-silence-8594.workers.dev/api/profiles,f251d9341172cd4fa210cc7a0308adc6,cf-worker-event,b736bad4064d7d407ec5325526018f20,fetch,GET https://mansion-deseo-api-production.green-silence-8594.workers.dev/api/profiles,undefined,undefined,undefined
GET https://mansion-deseo-api-production.green-silence-8594.workers.dev/api/unread-count,cloudflare-workers,2026-04-03T01:46:52.320Z,false,https://mansion-deseo-api-production.green-silence-8594.workers.dev/api/unread-count,GET,/api/unread-count,ok,mansion-deseo-api-production,fetch,stateless,85ef149b-3cc8-40c2-bcef-c52918c758d5,9e6466ecffd935c2,01KN8GB410HFQB4WPRER1Z8ZBZ,9e6466ecffd935c2,GET /api/unread-count,mansion-deseo-api-production,GET https://mansion-deseo-api-production.green-silence-8594.workers.dev/api/unread-count,f251d9341172cd4fa210cc7a0308adc6,cf-worker-event,b736bad4064d7d407ec5325526018f20,fetch,GET https://mansion-deseo-api-production.green-silence-8594.workers.dev/api/unread-count,undefined,undefined,undefined
GET https://mansion-deseo-api-production.green-silence-8594.workers.dev/api/notifications/ws?token=REDACTED.REDACTED.REDACTED,cloudflare-workers,2026-04-03T01:46:52.253Z,false,https://mansion-deseo-api-production.green-silence-8594.workers.dev/api/notifications/ws?token=REDACTED.REDACTED.REDACTED,GET,/api/notifications/ws,responseStreamDisconnected,mansion-deseo-api-production,fetch,durableObject,85ef149b-3cc8-40c2-bcef-c52918c758d5,9e6466ed2d3f3f06,01KN8GCX1TA1G1R208V6KRF15K,9e6466ed2d3f3f06,GET /api/notifications/ws,mansion-deseo-api-production,GET https://mansion-deseo-api-production.green-silence-8594.workers.dev/api/notifications/ws?token=REDACTED.REDACTED.REDACTED,f251d9341172cd4fa210cc7a0308adc6,cf-worker-event,b736bad4064d7d407ec5325526018f20,fetch,GET https://mansion-deseo-api-production.green-silence-8594.workers.dev/api/notifications/ws?token=REDACTED.REDACTED.REDACTED,undefined,undefined,undefined
GET https://mansion-deseo-api-production.green-silence-8594.workers.dev/api/visits,cloudflare-workers,2026-04-03T01:46:50.782Z,false,https://mansion-deseo-api-production.green-silence-8594.workers.dev/api/visits,GET,/api/visits,ok,mansion-deseo-api-production,fetch,stateless,85ef149b-3cc8-40c2-bcef-c52918c758d5,9e6466e3497735c2,01KN8GB2GYYSV9H9VK0BY8P1D0,9e6466e3497735c2,GET /api/visits,mansion-deseo-api-production,GET https://mansion-deseo-api-production.green-silence-8594.workers.dev/api/visits,f251d9341172cd4fa210cc7a0308adc6,cf-worker-event,b736bad4064d7d407ec5325526018f20,fetch,GET https://mansion-deseo-api-production.green-silence-8594.workers.dev/api/visits,undefined,undefined,undefined
websocket:close,cloudflare-workers,2026-04-03T01:46:42.980Z,false,,,,ok,mansion-deseo-api-production,websocket,durableObject,85ef149b-3cc8-40c2-bcef-c52918c758d5,FYQ6TOX29ECY1W98,01KN8GATX40SYG6JGBS6YRB373,FYQ6TOX29ECY1W98,mansion-deseo-api-production,mansion-deseo-api-production,websocket:close,f251d9341172cd4fa210cc7a0308adc6,cf-worker-event,b736bad4064d7d407ec5325526018f20,websocket,websocket:close,undefined,undefined,undefined
GET https://mansion-deseo-api-production.green-silence-8594.workers.dev/api/notifications/ws?token=REDACTED.REDACTED.REDACTED,cloudflare-workers,2026-04-03T01:46:42.905Z,false,https://mansion-deseo-api-production.green-silence-8594.workers.dev/api/notifications/ws?token=REDACTED.REDACTED.REDACTED,GET,/api/notifications/ws,canceled,mansion-deseo-api-production,fetch,stateless,85ef149b-3cc8-40c2-bcef-c52918c758d5,9e6466b1f9eeacf7,01KN8GB2GYYSV9H9VK0BY8P1D1,9e6466b1f9eeacf7,GET /api/notifications/ws,mansion-deseo-api-production,GET https://mansion-deseo-api-production.green-silence-8594.workers.dev/api/notifications/ws?token=REDACTED.REDACTED.REDACTED,f251d9341172cd4fa210cc7a0308adc6,cf-worker-event,b736bad4064d7d407ec5325526018f20,fetch,GET https://mansion-deseo-api-production.green-silence-8594.workers.dev/api/notifications/ws?token=REDACTED.REDACTED.REDACTED,undefined,undefined,undefined
GET https://mansion-deseo-api-production.green-silence-8594.workers.dev/api/unread-count,cloudflare-workers,2026-04-03T01:46:42.780Z,false,https://mansion-deseo-api-production.green-silence-8594.workers.dev/api/unread-count,GET,/api/unread-count,ok,mansion-deseo-api-production,fetch,stateless,85ef149b-3cc8-40c2-bcef-c52918c758d5,9e6466b15a7a35c2,01KN8GATPWFZNE5Q9ABF9FRHAX,9e6466b15a7a35c2,GET /api/unread-count,mansion-deseo-api-production,GET https://mansion-deseo-api-production.green-silence-8594.workers.dev/api/unread-count,f251d9341172cd4fa210cc7a0308adc6,cf-worker-event,b736bad4064d7d407ec5325526018f20,fetch,GET https://mansion-deseo-api-production.green-silence-8594.workers.dev/api/unread-count,undefined,undefined,undefined
GET https://mansion-deseo-api-production.green-silence-8594.workers.dev/api/profiles,cloudflare-workers,2026-04-03T01:46:42.774Z,false,https://mansion-deseo-api-production.green-silence-8594.workers.dev/api/profiles,GET,/api/profiles,ok,mansion-deseo-api-production,fetch,stateless,85ef149b-3cc8-40c2-bcef-c52918c758d5,9e6466b15a7035c2,01KN8GATPWFZNE5Q9ABF9FRHAY,9e6466b15a7035c2,GET /api/profiles,mansion-deseo-api-production,GET https://mansion-deseo-api-production.green-silence-8594.workers.dev/api/profiles,f251d9341172cd4fa210cc7a0308adc6,cf-worker-event,b736bad4064d7d407ec5325526018f20,fetch,GET https://mansion-deseo-api-production.green-silence-8594.workers.dev/api/profiles,undefined,undefined,undefined
GET https://mansion-deseo-api-production.green-silence-8594.workers.dev/api/notifications/ws?token=REDACTED.REDACTED.REDACTED,cloudflare-workers,2026-04-03T01:46:42.586Z,false,https://mansion-deseo-api-production.green-silence-8594.workers.dev/api/notifications/ws?token=REDACTED.REDACTED.REDACTED,GET,/api/notifications/ws,responseStreamDisconnected,mansion-deseo-api-production,fetch,durableObject,85ef149b-3cc8-40c2-bcef-c52918c758d5,9e6466b1f9eeacf7,01KN8GATX40SYG6JGBS6YRB374,9e6466b1f9eeacf7,GET /api/notifications/ws,mansion-deseo-api-production,GET https://mansion-deseo-api-production.green-silence-8594.workers.dev/api/notifications/ws?token=REDACTED.REDACTED.REDACTED,f251d9341172cd4fa210cc7a0308adc6,cf-worker-event,b736bad4064d7d407ec5325526018f20,fetch,GET https://mansion-deseo-api-production.green-silence-8594.workers.dev/api/notifications/ws?token=REDACTED.REDACTED.REDACTED,undefined,undefined,undefined
GET https://mansion-deseo-api-production.green-silence-8594.workers.dev/api/visits,cloudflare-workers,2026-04-03T01:46:33.787Z,false,https://mansion-deseo-api-production.green-silence-8594.workers.dev/api/visits,GET,/api/visits,ok,mansion-deseo-api-production,fetch,stateless,85ef149b-3cc8-40c2-bcef-c52918c758d5,9e6466792abc35c2,01KN8GAHXV62N8DCG4YW6VQ7ZM,9e6466792abc35c2,GET /api/visits,mansion-deseo-api-production,GET https://mansion-deseo-api-production.green-silence-8594.workers.dev/api/visits,f251d9341172cd4fa210cc7a0308adc6,cf-worker-event,b736bad4064d7d407ec5325526018f20,fetch,GET https://mansion-deseo-api-production.green-silence-8594.workers.dev/api/visits,undefined,undefined,undefined
"[route-metrics] {""windowMs"":219126,""requestCount"":2,""routes"":[{""method"":""GET"",""route"":""/api/notifications/ws"",""count"":2,""avgMs"":139,""maxMs"":141,""statusCounts"":{""101"":2}}]}",cloudflare-workers,2026-04-03T01:46:26.086Z,false,https://mansion-deseo-api-production.green-silence-8594.workers.dev/api/notifications/ws?token=REDACTED.REDACTED.REDACTED,GET,/api/notifications/ws,canceled,mansion-deseo-api-production,fetch,stateless,85ef149b-3cc8-40c2-bcef-c52918c758d5,9e64664779e8a79f,01KN8GAM4YEEN1CPFRBCAM8RN9,9e64664779e8a79f,GET /api/notifications/ws,mansion-deseo-api-production,"[route-metrics] {""windowMs"":219126,""requestCount"":2,""routes"":[{""method"":""GET"",""route"":""/api/notifications/ws"",""count"":2,""avgMs"":139,""maxMs"":141,""statusCounts"":{""101"":2}}]}",f251d9341172cd4fa210cc7a0308adc6,cf-worker,b736bad4064d7d407ec5325526018f20,fetch,"[route-metrics] {""windowMs"":219126,""requestCount"":2,""routes"":[{""method"":""GET"",""route"":""/api/notifications/ws"",""count"":2,""avgMs"":139,""maxMs"":141,""statusCounts"":{""101"":2}}]}",undefined,undefined,undefined
websocket:close,cloudflare-workers,2026-04-03T01:46:26.020Z,false,,,,ok,mansion-deseo-api-production,websocket,durableObject,85ef149b-3cc8-40c2-bcef-c52918c758d5,2HN2A06PW4O9UQ30,01KN8GAAB4DDJKSYZMEPXCK525,2HN2A06PW4O9UQ30,mansion-deseo-api-production,mansion-deseo-api-production,websocket:close,f251d9341172cd4fa210cc7a0308adc6,cf-worker-event,b736bad4064d7d407ec5325526018f20,websocket,websocket:close,undefined,undefined,undefined
GET https://mansion-deseo-api-production.green-silence-8594.workers.dev/api/notifications/ws?token=REDACTED.REDACTED.REDACTED,cloudflare-workers,2026-04-03T01:46:25.945Z,false,https://mansion-deseo-api-production.green-silence-8594.workers.dev/api/notifications/ws?token=REDACTED.REDACTED.REDACTED,GET,/api/notifications/ws,canceled,mansion-deseo-api-production,fetch,stateless,85ef149b-3cc8-40c2-bcef-c52918c758d5,9e64664779e8a79f,01KN8GAM4YEEN1CPFRBCAM8RN8,9e64664779e8a79f,GET /api/notifications/ws,mansion-deseo-api-production,GET https://mansion-deseo-api-production.green-silence-8594.workers.dev/api/notifications/ws?token=REDACTED.REDACTED.REDACTED,f251d9341172cd4fa210cc7a0308adc6,cf-worker-event,b736bad4064d7d407ec5325526018f20,fetch,GET https://mansion-deseo-api-production.green-silence-8594.workers.dev/api/notifications/ws?token=REDACTED.REDACTED.REDACTED,undefined,undefined,undefined
GET https://mansion-deseo-api-production.green-silence-8594.workers.dev/api/notifications/ws?token=REDACTED.REDACTED.REDACTED,cloudflare-workers,2026-04-03T01:46:25.853Z,false,https://mansion-deseo-api-production.green-silence-8594.workers.dev/api/notifications/ws?token=REDACTED.REDACTED.REDACTED,GET,/api/notifications/ws,responseStreamDisconnected,mansion-deseo-api-production,fetch,durableObject,85ef149b-3cc8-40c2-bcef-c52918c758d5,9e64664779e8a79f,01KN8GAAB4DDJKSYZMEPXCK526,9e64664779e8a79f,GET /api/notifications/ws,mansion-deseo-api-production,GET https://mansion-deseo-api-production.green-silence-8594.workers.dev/api/notifications/ws?token=REDACTED.REDACTED.REDACTED,f251d9341172cd4fa210cc7a0308adc6,cf-worker-event,b736bad4064d7d407ec5325526018f20,fetch,GET https://mansion-deseo-api-production.green-silence-8594.workers.dev/api/notifications/ws?token=REDACTED.REDACTED.REDACTED,undefined,undefined,undefined
GET https://mansion-deseo-api-production.green-silence-8594.workers.dev/api/app/bootstrap,cloudflare-workers,2026-04-03T01:46:25.797Z,false,https://mansion-deseo-api-production.green-silence-8594.workers.dev/api/app/bootstrap,GET,/api/app/bootstrap,ok,mansion-deseo-api-production,fetch,stateless,85ef149b-3cc8-40c2-bcef-c52918c758d5,9e6466473cd635c2,01KN8GAA45XRD7EPVVJJ9A4NNJ,9e6466473cd635c2,GET /api/app/bootstrap,mansion-deseo-api-production,GET https://mansion-deseo-api-production.green-silence-8594.workers.dev/api/app/bootstrap,f251d9341172cd4fa210cc7a0308adc6,cf-worker-event,b736bad4064d7d407ec5325526018f20,fetch,GET https://mansion-deseo-api-production.green-silence-8594.workers.dev/api/app/bootstrap,undefined,undefined,undefined
GET https://mansion-deseo-api-production.green-silence-8594.workers.dev/api/profiles,cloudflare-workers,2026-04-03T01:46:25.796Z,false,https://mansion-deseo-api-production.green-silence-8594.workers.dev/api/profiles,GET,/api/profiles,ok,mansion-deseo-api-production,fetch,stateless,85ef149b-3cc8-40c2-bcef-c52918c758d5,9e6466473cd435c2,01KN8GAA45XRD7EPVVJJ9A4NNM,9e6466473cd435c2,GET /api/profiles,mansion-deseo-api-production,GET https://mansion-deseo-api-production.green-silence-8594.workers.dev/api/profiles,f251d9341172cd4fa210cc7a0308adc6,cf-worker-event,b736bad4064d7d407ec5325526018f20,fetch,GET https://mansion-deseo-api-production.green-silence-8594.workers.dev/api/profiles,undefined,undefined,undefined
GET https://mansion-deseo-api-production.green-silence-8594.workers.dev/api/unread-count,cloudflare-workers,2026-04-03T01:46:25.796Z,false,https://mansion-deseo-api-production.green-silence-8594.workers.dev/api/unread-count,GET,/api/unread-count,ok,mansion-deseo-api-production,fetch,stateless,85ef149b-3cc8-40c2-bcef-c52918c758d5,9e6466473cd535c2,01KN8GAA45XRD7EPVVJJ9A4NNK,9e6466473cd535c2,GET /api/unread-count,mansion-deseo-api-production,GET https://mansion-deseo-api-production.green-silence-8594.workers.dev/api/unread-count,f251d9341172cd4fa210cc7a0308adc6,cf-worker-event,b736bad4064d7d407ec5325526018f20,fetch,GET https://mansion-deseo-api-production.green-silence-8594.workers.dev/api/unread-count,undefined,undefined,undefined
GET https://mansion-deseo-api-production.green-silence-8594.workers.dev/api/profiles,cloudflare-workers,2026-04-03T01:46:23.488Z,false,https://mansion-deseo-api-production.green-silence-8594.workers.dev/api/profiles,GET,/api/profiles,ok,mansion-deseo-api-production,fetch,stateless,85ef149b-3cc8-40c2-bcef-c52918c758d5,9e646638ccc435c2,01KN8GA7W03NYXTRQVT0QDJZXB,9e646638ccc435c2,GET /api/profiles,mansion-deseo-api-production,GET https://mansion-deseo-api-production.green-silence-8594.workers.dev/api/profiles,f251d9341172cd4fa210cc7a0308adc6,cf-worker-event,b736bad4064d7d407ec5325526018f20,fetch,GET https://mansion-deseo-api-production.green-silence-8594.workers.dev/api/profiles,undefined,undefined,undefined
"[route-metrics] {""windowMs"":91128,""requestCount"":6,""routes"":[{""method"":""GET"",""route"":""/api/messages"",""count"":2,""avgMs"":297,""maxMs"":297,""statusCounts"":{""200"":2}},{""method"":""GET"",""route"":""/api/stories"",""count"":1,""avgMs"":310,""maxMs"":310,""statusCounts"":{""200"":1}},{""method"":""GET"",""route"":""/api/unread-count"",""count"":1,""avgMs"":311,""maxMs"":311,""statusCounts"":{""200"":1}},{""method"":""GET"",""route"":""/api/profiles"",""count"":1,""avgMs"":464,""maxMs"":464,""statusCounts"":{""200"":1}},{""method"":""GET"",""route"":""/api/visits"",""count"":1,""avgMs"":297,""maxMs"":297,""statusCounts"":{""200"":1}}]}",cloudflare-workers,2026-04-03T01:46:22.212Z,false,https://mansion-deseo-api-production.green-silence-8594.workers.dev/api/messages,GET,/api/messages,ok,mansion-deseo-api-production,fetch,stateless,85ef149b-3cc8-40c2-bcef-c52918c758d5,9e64662efe9c35c2,01KN8GA6M4J3Z5N692AZX7RJZF,9e64662efe9c35c2,GET /api/messages,mansion-deseo-api-production,"[route-metrics] {""windowMs"":91128,""requestCount"":6,""routes"":[{""method"":""GET"",""route"":""/api/messages"",""count"":2,""avgMs"":297,""maxMs"":297,""statusCounts"":{""200"":2}},{""method"":""GET"",""route"":""/api/stories"",""count"":1,""avgMs"":310,""maxMs"":310,""statusCounts"":{""200"":1}},{""method"":""GET"",""route"":""/api/unread-count"",""count"":1,""avgMs"":311,""maxMs"":311,""statusCounts"":{""200"":1}},{""method"":""GET"",""route"":""/api/profiles"",""count"":1,""avgMs"":464,""maxMs"":464,""statusCounts"":{""200"":1}},{""method"":""GET"",""route"":""/api/visits"",""count"":1,""avgMs"":297,""maxMs"":297,""statusCounts"":{""200"":1}}]}",f251d9341172cd4fa210cc7a0308adc6,cf-worker,b736bad4064d7d407ec5325526018f20,fetch,"[route-metrics] {""windowMs"":91128,""requestCount"":6,""routes"":[{""method"":""GET"",""route"":""/api/messages"",""count"":2,""avgMs"":297,""maxMs"":297,""statusCounts"":{""200"":2}},{""method"":""GET"",""route"":""/api/stories"",""count"":1,""avgMs"":310,""maxMs"":310,""statusCounts"":{""200"":1}},{""method"":""GET"",""route"":""/api/unread-count"",""count"":1,""avgMs"":311,""maxMs"":311,""statusCounts"":{""200"":1}},{""method"":""GET"",""route"":""/api/profiles"",""count"":1,""avgMs"":464,""maxMs"":464,""statusCounts"":{""200"":1}},{""method"":""GET"",""route"":""/api/visits"",""count"":1,""avgMs"":297,""maxMs"":297,""statusCounts"":{""200"":1}}]}",undefined,undefined,undefined
GET https://mansion-deseo-api-production.green-silence-8594.workers.dev/api/messages,cloudflare-workers,2026-04-03T01:46:21.915Z,false,https://mansion-deseo-api-production.green-silence-8594.workers.dev/api/messages,GET,/api/messages,ok,mansion-deseo-api-production,fetch,stateless,85ef149b-3cc8-40c2-bcef-c52918c758d5,9e64662efe9c35c2,01KN8GA6AVQ5R31EE8WGAJV6KT,9e64662efe9c35c2,GET /api/messages,mansion-deseo-api-production,GET https://mansion-deseo-api-production.green-silence-8594.workers.dev/api/messages,f251d9341172cd4fa210cc7a0308adc6,cf-worker-event,b736bad4064d7d407ec5325526018f20,fetch,GET https://mansion-deseo-api-production.green-silence-8594.workers.dev/api/messages,undefined,undefined,undefined
GET https://mansion-deseo-api-production.green-silence-8594.workers.dev/api/visits,cloudflare-workers,2026-04-03T01:44:58.865Z,false,https://mansion-deseo-api-production.green-silence-8594.workers.dev/api/visits,GET,/api/visits,ok,mansion-deseo-api-production,fetch,stateless,85ef149b-3cc8-40c2-bcef-c52918c758d5,9e646427ee7b35c2,01KN8G7N7H65GYFC6JQSYEFTXC,9e646427ee7b35c2,GET /api/visits,mansion-deseo-api-production,GET https://mansion-deseo-api-production.green-silence-8594.workers.dev/api/visits,f251d9341172cd4fa210cc7a0308adc6,cf-worker-event,b736bad4064d7d407ec5325526018f20,fetch,GET https://mansion-deseo-api-production.green-silence-8594.workers.dev/api/visits,undefined,undefined,undefined